map_id,map_date,map_check_id,map_check_date,enl_id,pm_id,doi,status,author_name,pub_year,resolved,reason_for_exclusion,reason_for_contacting,follow_up,follow_up_author_name,email_address,has_been_contacted,permissions,extraction_initials,source_id1,source_id2,source_id3,country,admin1,admin2,admin3,site_name,area_type,rural_urban,lat,long,latlong_source,site_notes,aggregated_studies_count,month_start,year_start,month_end,year_end,lower_age,upper_age,examined,pf,pv,po,pm,pk,pf_pv,pf_po,pf_pm,pv_pm,pv_po,po_pm,pk_pf,pk_pv,pk_pm,pk_po,pf_pv_po,pf_pv_pm,pf_po_pm,pv_po_pm,pf_pv_pk,pf_po_pk,pf_pm_pk,pv_po_pk,pv_pm_pk,po_pm_pk,pf_pv_po_pm,pf_pan_positive,pv_pan_positive,pf_pv_pan_positive,pan_positive_only,species_disaggregated,pf_pr,pv_pr,po_pr,pm_pr,pk_pr,method,rdt_type,pcr_type,study_notes,dhs_survey_text_id,surveyid
,,,,,,,,,,,,,,,,,,,7890,5680,,Madagascar,ANOSY,,,MD201600000317,POINT,RURAL,-24.709257000000001,46.994881999999997,GPS,,,6,2016,6,2016,0.6,4,25,0,,,,,,,,,,,,,,,,,,,,,,,,,,,,,,N,0,,,,,RDT,,,,MD2016MIS,505
,,,,,,,,,,,,,,,,,,,7890,5680,,Madagascar,ANOSY,,,MD201600000316,POINT,RURAL,-24.625250000000001,46.906652000000001,GPS,,,6,2016,7,2016,0.6,4,26,3,,,,,,,,,,,,,,,,,,,,,,,,,,,,,,N,0.11538461538461539,,,,,RDT,,,,MD2016MIS,505
,,,,,,,,,,,,,,,,,,,7890,5680,,Madagascar,ANOSY,,,MD201600000315,POINT,RURAL,-25.011151999999999,46.670774999999999,GPS,,,6,2016,6,2016,0.6,4,33,1,,,,,,,,,,,,,,,,,,,,,,,,,,,,,,N,0.030303030303030304,,,,,RDT,,,,MD2016MIS,505
,,,,,,,,,,,,,,,,,,,7890,5680,,Madagascar,ANOSY,,,MD201600000314,POINT,RURAL,-24.948483,46.877358000000001,GPS,,,6,2016,7,2016,0.9,4,21,0,,,,,,,,,,,,,,,,,,,,,,,,,,,,,,N,0,,,,,RDT,,,,MD2016MIS,505
,,,,,,,,,,,,,,,,,,,7890,5680,,Madagascar,ANOSY,,,MD201600000313,POINT,URBAN,-25.035526000000001,46.960276,GPS,,,7,2016,7,2016,1.3,4,9,2,,,,,,,,,,,,,,,,,,,,,,,,,,,,,,N,0.22222222222222221,,,,,RDT,,,,MD2016MIS,505
,,,,,,,,,,,,,,,,,,,7890,5680,,Madagascar,ANOSY,,,MD201600000312,POINT,URBAN,-25.028938,46.996823999999997,GPS,,,7,2016,7,2016,0.5,4,27,0,,,,,,,,,,,,,,,,,,,,,,,,,,,,,,N,0,,,,,RDT,,,,MD2016MIS,505
,,,,,,,,,,,,,,,,,,,7890,5680,,Madagascar,ANOSY,,,MD201600000311,POINT,URBAN,-25.029817999999999,46.985157000000001,GPS,,,7,2016,7,2016,0.5,4,18,0,,,,,,,,,,,,,,,,,,,,,,,,,,,,,,N,0,,,,,RDT,,,,MD2016MIS,505
,,,,,,,,,,,,,,,,,,,7890,5680,,Madagascar,ANDROY,,,MD201600000310,POINT,RURAL,-24.632065000000001,45.381073000000001,GPS,,,6,2016,6,2016,1.3,4,19,0,,,,,,,,,,,,,,,,,,,,,,,,,,,,,,N,0,,,,,RDT,,,,MD2016MIS,505
,,,,,,,,,,,,,,,,,,,7890,5680,,Madagascar,ANDROY,,,MD201600000309,POINT,RURAL,-24.560956000000001,45.296298999999998,GPS,,,6,2016,6,2016,1.6,4,22,0,,,,,,,,,,,,,,,,,,,,,,,,,,,,,,N,0,,,,,RDT,,,,MD2016MIS,505
,,,,,,,,,,,,,,,,,,,7890,5680,,Madagascar,ANDROY,,,MD201600000308,POINT,RURAL,-24.492274999999999,45.343288999999999,GPS,,,6,2016,6,2016,0.5,4,36,5,,,,,,,,,,,,,,,,,,,,,,,,,,,,,,N,0.1388888888888889,,,,,RDT,,,,MD2016MIS,505
,,,,,,,,,,,,,,,,,,,7890,5680,,Madagascar,ANDROY,,,MD201600000307,POINT,RURAL,-24.343900000000001,45.199457000000002,GPS,,,5,2016,5,2016,0.7,4,26,0,,,,,,,,,,,,,,,,,,,,,,,,,,,,,,N,0,,,,,RDT,,,,MD2016MIS,505
,,,,,,,,,,,,,,,,,,,7890,5680,,Madagascar,ANDROY,,,MD201600000306,POINT,URBAN,-24.342337000000001,45.150545999999999,GPS,,,5,2016,5,2016,0.8,4,26,0,,,,,,,,,,,,,,,,,,,,,,,,,,,,,,N,0,,,,,RDT,,,,MD2016MIS,505
,,,,,,,,,,,,,,,,,,,7890,5680,,Madagascar,ANDROY,,,MD201600000305,POINT,URBAN,-24.221768000000001,45.318824999999997,GPS,,,5,2016,6,2016,0.8,4,18,0,,,,,,,,,,,,,,,,,,,,,,,,,,,,,,N,0,,,,,RDT,,,,MD2016MIS,505
,,,,,,,,,,,,,,,,,,,7890,5680,,Madagascar,ANDROY,,,MD201600000304,POINT,RURAL,-24.858229999999999,45.610050000000001,GPS,,,6,2016,6,2016,1.7,4,25,0,,,,,,,,,,,,,,,,,,,,,,,,,,,,,,N,0,,,,,RDT,,,,MD2016MIS,505
,,,,,,,,,,,,,,,,,,,7890,5680,,Madagascar,ANDROY,,,MD201600000303,POINT,RURAL,-24.874119,45.689954,GPS,,,6,2016,6,2016,0.6,4,21,0,,,,,,,,,,,,,,,,,,,,,,,,,,,,,,N,0,,,,,RDT,,,,MD2016MIS,505
,,,,,,,,,,,,,,,,,,,7890,5680,,Madagascar,ANDROY,,,MD201600000302,POINT,RURAL,-25.171603999999999,45.845063000000003,GPS,,,6,2016,6,2016,0.8,4,24,0,,,,,,,,,,,,,,,,,,,,,,,,,,,,,,N,0,,,,,RDT,,,,MD2016MIS,505
,,,,,,,,,,,,,,,,,,,7890,5680,,Madagascar,ANDROY,,,MD201600000301,POINT,RURAL,-25.162182999999999,46.205852999999998,GPS,,,6,2016,6,2016,0.6,4,53,0,,,,,,,,,,,,,,,,,,,,,,,,,,,,,,N,0,,,,,RDT,,,,MD2016MIS,505
,,,,,,,,,,,,,,,,,,,7890,5680,,Madagascar,ANDROY,,,MD201600000300,POINT,RURAL,-25.202867999999999,45.942314000000003,GPS,,,6,2016,6,2016,0.6,4,29,0,,,,,,,,,,,,,,,,,,,,,,,,,,,,,,N,0,,,,,RDT,,,,MD2016MIS,505
,,,,,,,,,,,,,,,,,,,7890,5680,,Madagascar,ANDROY,,,MD201600000299,POINT,URBAN,-25.234345999999999,46.085681999999998,GPS,,,6,2016,6,2016,0.5,4,34,0,,,,,,,,,,,,,,,,,,,,,,,,,,,,,,N,0,,,,,RDT,,,,MD2016MIS,505
,,,,,,,,,,,,,,,,,,,7890,5680,,Madagascar,ANDROY,,,MD201600000298,POINT,URBAN,-25.177351999999999,46.099311,GPS,,,6,2016,6,2016,1.1,4,23,0,,,,,,,,,,,,,,,,,,,,,,,,,,,,,,N,0,,,,,RDT,,,,MD2016MIS,505
,,,,,,,,,,,,,,,,,,,7890,5680,,Madagascar,ANDROY,,,MD201600000297,POINT,URBAN,-25.187363999999999,46.089179000000001,GPS,,,6,2016,6,2016,0.8,4,15,0,,,,,,,,,,,,,,,,,,,,,,,,,,,,,,N,0,,,,,RDT,,,,MD2016MIS,505
,,,,,,,,,,,,,,,,,,,7890,5680,,Madagascar,ANDROY,,,MD201600000296,POINT,URBAN,-25.061378000000001,46.067143000000002,GPS,,,5,2016,6,2016,0.8,4,38,0,,,,,,,,,,,,,,,,,,,,,,,,,,,,,,N,0,,,,,RDT,,,,MD2016MIS,505
,,,,,,,,,,,,,,,,,,,7890,5680,,Madagascar,ANDROY,,,MD201600000295,POINT,RURAL,-25.309369,45.734395999999997,GPS,,,6,2016,6,2016,0.5,4,35,0,,,,,,,,,,,,,,,,,,,,,,,,,,,,,,N,0,,,,,RDT,,,,MD2016MIS,505
,,,,,,,,,,,,,,,,,,,7890,5680,,Madagascar,ANDROY,,,MD201600000294,POINT,RURAL,-25.476167,45.541981999999997,GPS,,,6,2016,6,2016,0.5,4,29,0,,,,,,,,,,,,,,,,,,,,,,,,,,,,,,N,0,,,,,RDT,,,,MD2016MIS,505
,,,,,,,,,,,,,,,,,,,7890,5680,,Madagascar,ANDROY,,,MD201600000293,POINT,RURAL,-25.137253000000001,45.387360999999999,GPS,,,5,2016,5,2016,0.9,4,21,0,,,,,,,,,,,,,,,,,,,,,,,,,,,,,,N,0,,,,,RDT,,,,MD2016MIS,505
,,,,,,,,,,,,,,,,,,,7890,5680,,Madagascar,ANDROY,,,MD201600000292,POINT,RURAL,-25.282737999999998,45.202325000000002,GPS,,,5,2016,5,2016,0.7,4,21,0,,,,,,,,,,,,,,,,,,,,,,,,,,,,,,N,0,,,,,RDT,,,,MD2016MIS,505
,,,,,,,,,,,,,,,,,,,7890,5680,,Madagascar,ANDROY,,,MD201600000291,POINT,RURAL,-25.124815999999999,44.938521999999999,GPS,,,5,2016,5,2016,0.8,4,44,0,,,,,,,,,,,,,,,,,,,,,,,,,,,,,,N,0,,,,,RDT,,,,MD2016MIS,505
,,,,,,,,,,,,,,,,,,,7890,5680,,Madagascar,ATSIMO ANDREFANA,,,MD201600000290,POINT,RURAL,-22.793271000000001,43.660933999999997,GPS,,,6,2016,6,2016,0.6,4,26,12,,,,,,,,,,,,,,,,,,,,,,,,,,,,,,N,0.46153846153846156,,,,,RDT,,,,MD2016MIS,505
,,,,,,,,,,,,,,,,,,,7890,5680,,Madagascar,ATSIMO ANDREFANA,,,MD201600000289,POINT,RURAL,-23.656362999999999,43.649028000000001,GPS,,,5,2016,5,2016,0.9,4,11,1,,,,,,,,,,,,,,,,,,,,,,,,,,,,,,N,0.090909090909090912,,,,,RDT,,,,MD2016MIS,505
,,,,,,,,,,,,,,,,,,,7890,5680,,Madagascar,ATSIMO ANDREFANA,,,MD201600000288,POINT,RURAL,-22.866962000000001,44.438488,GPS,,,5,2016,5,2016,0.9,4,18,3,,,,,,,,,,,,,,,,,,,,,,,,,,,,,,N,0.16666666666666666,,,,,RDT,,,,MD2016MIS,505
,,,,,,,,,,,,,,,,,,,7890,5680,,Madagascar,ATSIMO ANDREFANA,,,MD201600000287,POINT,RURAL,-24.731762,43.988138999999997,GPS,,,5,2016,5,2016,0.9,4,28,0,,,,,,,,,,,,,,,,,,,,,,,,,,,,,,N,0,,,,,RDT,,,,MD2016MIS,505
,,,,,,,,,,,,,,,,,,,7890,5680,,Madagascar,ATSIMO ANDREFANA,,,MD201600000286,POINT,RURAL,-24.045501999999999,44.916454999999999,GPS,,,5,2016,5,2016,0.6,4,18,1,,,,,,,,,,,,,,,,,,,,,,,,,,,,,,N,0.055555555555555552,,,,,RDT,,,,MD2016MIS,505
,,,,,,,,,,,,,,,,,,,7890,5680,,Madagascar,ATSIMO ANDREFANA,,,MD201600000285,POINT,RURAL,-25.186330000000002,44.458151999999998,GPS,,,5,2016,5,2016,0.7,4,20,2,,,,,,,,,,,,,,,,,,,,,,,,,,,,,,N,0.10000000000000001,,,,,RDT,,,,MD2016MIS,505
,,,,,,,,,,,,,,,,,,,7890,5680,,Madagascar,ATSIMO ANDREFANA,,,MD201600000284,POINT,RURAL,-24.186385999999999,44.826492000000002,GPS,,,5,2016,5,2016,0.8,4,25,0,,,,,,,,,,,,,,,,,,,,,,,,,,,,,,N,0,,,,,RDT,,,,MD2016MIS,505
,,,,,,,,,,,,,,,,,,,7890,5680,,Madagascar,ATSIMO ANDREFANA,,,MD201600000283,POINT,RURAL,-24.405646000000001,44.466873999999997,GPS,,,5,2016,5,2016,0.6,4,25,0,,,,,,,,,,,,,,,,,,,,,,,,,,,,,,N,0,,,,,RDT,,,,MD2016MIS,505
,,,,,,,,,,,,,,,,,,,7890,5680,,Madagascar,ATSIMO ANDREFANA,,,MD201600000282,POINT,RURAL,-24.411351,44.853482999999997,GPS,,,5,2016,5,2016,0.8,4,24,0,,,,,,,,,,,,,,,,,,,,,,,,,,,,,,N,0,,,,,RDT,,,,MD2016MIS,505
,,,,,,,,,,,,,,,,,,,7890,5680,,Madagascar,ATSIMO ANDREFANA,,,MD201600000281,POINT,RURAL,-24.665241999999999,44.797407999999997,GPS,,,5,2016,5,2016,0.7,4,27,0,,,,,,,,,,,,,,,,,,,,,,,,,,,,,,N,0,,,,,RDT,,,,MD2016MIS,505
,,,,,,,,,,,,,,,,,,,7890,5680,,Madagascar,ATSIMO ANDREFANA,,,MD201600000280,POINT,RURAL,-23.973804000000001,44.177844,GPS,,,5,2016,5,2016,0.8,4,17,0,,,,,,,,,,,,,,,,,,,,,,,,,,,,,,N,0,,,,,RDT,,,,MD2016MIS,505
,,,,,,,,,,,,,,,,,,,7890,5680,,Madagascar,ATSIMO ANDREFANA,,,MD201600000279,POINT,RURAL,-23.511361000000001,44.693066999999999,GPS,,,5,2016,5,2016,1.7,4,17,10,,,,,,,,,,,,,,,,,,,,,,,,,,,,,,N,0.58823529411764708,,,,,RDT,,,,MD2016MIS,505
,,,,,,,,,,,,,,,,,,,7890,5680,,Madagascar,ATSIMO ANDREFANA,,,MD201600000278,POINT,RURAL,-23.549033999999999,44.323472000000002,GPS,,,5,2016,5,2016,0.9,4,19,7,,,,,,,,,,,,,,,,,,,,,,,,,,,,,,N,0.36842105263157893,,,,,RDT,,,,MD2016MIS,505
,,,,,,,,,,,,,,,,,,,7890,5680,,Madagascar,ATSIMO ANDREFANA,,,MD201600000277,POINT,RURAL,-23.97034,44.607613000000001,GPS,,,5,2016,5,2016,0.5,4,21,4,,,,,,,,,,,,,,,,,,,,,,,,,,,,,,N,0.19047619047619047,,,,,RDT,,,,MD2016MIS,505
,,,,,,,,,,,,,,,,,,,7890,5680,,Madagascar,ATSIMO ANDREFANA,,,MD201600000276,POINT,RURAL,-22.471905,44.325221999999997,GPS,,,5,2016,5,2016,0.7,4,16,7,,,,,,,,,,,,,,,,,,,,,,,,,,,,,,N,0.4375,,,,,RDT,,,,MD2016MIS,505
,,,,,,,,,,,,,,,,,,,7890,5680,,Madagascar,ATSIMO ANDREFANA,,,MD201600000275,POINT,RURAL,-21.712004,45.127097999999997,GPS,,,5,2016,5,2016,0.9,4,13,3,,,,,,,,,,,,,,,,,,,,,,,,,,,,,,N,0.23076923076923078,,,,,RDT,,,,MD2016MIS,505
,,,,,,,,,,,,,,,,,,,7890,5680,,Madagascar,ATSIMO ANDREFANA,,,MD201600000274,POINT,URBAN,-23.336825999999999,43.667574000000002,GPS,,,6,2016,6,2016,0.8,4,14,1,,,,,,,,,,,,,,,,,,,,,,,,,,,,,,N,0.071428571428571425,,,,,RDT,,,,MD2016MIS,505
,,,,,,,,,,,,,,,,,,,7890,5680,,Madagascar,ATSIMO ANDREFANA,,,MD201600000273,POINT,URBAN,-23.363133999999999,43.681550000000001,GPS,,,5,2016,6,2016,1.0,4,13,1,,,,,,,,,,,,,,,,,,,,,,,,,,,,,,N,0.076923076923076927,,,,,RDT,,,,MD2016MIS,505
,,,,,,,,,,,,,,,,,,,7890,5680,,Madagascar,MELAKY,,,MD201600000272,POINT,RURAL,-17.919737000000001,45.301963000000001,GPS,,,5,2016,5,2016,0.6,4,46,10,,,,,,,,,,,,,,,,,,,,,,,,,,,,,,N,0.21739130434782608,,,,,RDT,,,,MD2016MIS,505
,,,,,,,,,,,,,,,,,,,7890,5680,,Madagascar,MELAKY,,,MD201600000271,POINT,RURAL,-17.341442000000001,44.139761999999997,GPS,,,6,2016,6,2016,0.8,4,20,1,,,,,,,,,,,,,,,,,,,,,,,,,,,,,,N,0.050000000000000003,,,,,RDT,,,,MD2016MIS,505
,,,,,,,,,,,,,,,,,,,7890,5680,,Madagascar,MELAKY,,,MD201600000270,POINT,RURAL,-17.486936,44.301741999999997,GPS,,,6,2016,6,2016,0.7,4,31,1,,,,,,,,,,,,,,,,,,,,,,,,,,,,,,N,0.032258064516129031,,,,,RDT,,,,MD2016MIS,505
,,,,,,,,,,,,,,,,,,,7890,5680,,Madagascar,MELAKY,,,MD201600000269,POINT,RURAL,-17.489971000000001,43.961641999999998,GPS,,,6,2016,6,2016,0.5,4,23,0,,,,,,,,,,,,,,,,,,,,,,,,,,,,,,N,0,,,,,RDT,,,,MD2016MIS,505
,,,,,,,,,,,,,,,,,,,7890,5680,,Madagascar,MELAKY,,,MD201600000268,POINT,RURAL,-18.288744999999999,44.21651,GPS,,,6,2016,6,2016,0.5,4,29,1,,,,,,,,,,,,,,,,,,,,,,,,,,,,,,N,0.034482758620689655,,,,,RDT,,,,MD2016MIS,505
,,,,,,,,,,,,,,,,,,,7890,5680,,Madagascar,MELAKY,,,MD201600000267,POINT,RURAL,-18.124361,44.209904000000002,GPS,,,6,2016,6,2016,0.6,4,22,0,,,,,,,,,,,,,,,,,,,,,,,,,,,,,,N,0,,,,,RDT,,,,MD2016MIS,505
,,,,,,,,,,,,,,,,,,,7890,5680,,Madagascar,MELAKY,,,MD201600000266,POINT,URBAN,-18.058707999999999,44.026646999999997,GPS,,,6,2016,6,2016,0.5,3,10,0,,,,,,,,,,,,,,,,,,,,,,,,,,,,,,N,0,,,,,RDT,,,,MD2016MIS,505
,,,,,,,,,,,,,,,,,,,7890,5680,,Madagascar,MELAKY,,,MD201600000265,POINT,URBAN,-18.041616999999999,44.033915999999998,GPS,,,6,2016,6,2016,0.6,4,20,0,,,,,,,,,,,,,,,,,,,,,,,,,,,,,,N,0,,,,,RDT,,,,MD2016MIS,505
,,,,,,,,,,,,,,,,,,,7890,5680,,Madagascar,MELAKY,,,MD201600000262,POINT,RURAL,-18.675820999999999,44.624862999999998,GPS,,,6,2016,6,2016,1.3,4,20,0,,,,,,,,,,,,,,,,,,,,,,,,,,,,,,N,0,,,,,RDT,,,,MD2016MIS,505
,,,,,,,,,,,,,,,,,,,7890,5680,,Madagascar,MELAKY,,,MD201600000261,POINT,RURAL,-17.746552999999999,45.679110999999999,GPS,,,5,2016,5,2016,0.5,4,49,4,,,,,,,,,,,,,,,,,,,,,,,,,,,,,,N,0.081632653061224483,,,,,RDT,,,,MD2016MIS,505
,,,,,,,,,,,,,,,,,,,7890,5680,,Madagascar,MELAKY,,,MD201600000259,POINT,RURAL,-16.348244999999999,44.887239000000001,GPS,,,6,2016,6,2016,0.9,4,16,1,,,,,,,,,,,,,,,,,,,,,,,,,,,,,,N,0.0625,,,,,RDT,,,,MD2016MIS,505
,,,,,,,,,,,,,,,,,,,7890,5680,,Madagascar,MELAKY,,,MD201600000258,POINT,RURAL,-16.620025999999999,44.625867,GPS,,,6,2016,6,2016,0.7,4,19,0,,,,,,,,,,,,,,,,,,,,,,,,,,,,,,N,0,,,,,RDT,,,,MD2016MIS,505
,,,,,,,,,,,,,,,,,,,7890,5680,,Madagascar,MELAKY,,,MD201600000257,POINT,RURAL,-16.744274000000001,44.828615999999997,GPS,,,6,2016,6,2016,0.8,4,18,2,,,,,,,,,,,,,,,,,,,,,,,,,,,,,,N,0.1111111111111111,,,,,RDT,,,,MD2016MIS,505
,,,,,,,,,,,,,,,,,,,7890,5680,,Madagascar,BETSIBOKA,,,MD201600000255,POINT,RURAL,-17.711856999999998,47.430548999999999,GPS,,,6,2016,6,2016,0.7,4,10,0,,,,,,,,,,,,,,,,,,,,,,,,,,,,,,N,0,,,,,RDT,,,,MD2016MIS,505
,,,,,,,,,,,,,,,,,,,7890,5680,,Madagascar,BETSIBOKA,,,MD201600000254,POINT,RURAL,-17.845942999999998,47.904252999999997,GPS,,,6,2016,6,2016,0.5,4,28,0,,,,,,,,,,,,,,,,,,,,,,,,,,,,,,N,0,,,,,RDT,,,,MD2016MIS,505
,,,,,,,,,,,,,,,,,,,7890,5680,,Madagascar,BETSIBOKA,,,MD201600000253,POINT,RURAL,-17.460809000000001,47.497256,GPS,,,6,2016,6,2016,0.7,4,14,0,,,,,,,,,,,,,,,,,,,,,,,,,,,,,,N,0,,,,,RDT,,,,MD2016MIS,505
,,,,,,,,,,,,,,,,,,,7890,5680,,Madagascar,BETSIBOKA,,,MD201600000252,POINT,RURAL,-16.439674,47.354562999999999,GPS,,,6,2016,6,2016,0.5,4,34,1,,,,,,,,,,,,,,,,,,,,,,,,,,,,,,N,0.029411764705882353,,,,,RDT,,,,MD2016MIS,505
,,,,,,,,,,,,,,,,,,,7890,5680,,Madagascar,BETSIBOKA,,,MD201600000251,POINT,RURAL,-16.941253,47.584671999999998,GPS,,,6,2016,6,2016,0.5,4,44,2,,,,,,,,,,,,,,,,,,,,,,,,,,,,,,N,0.045454545454545456,,,,,RDT,,,,MD2016MIS,505
,,,,,,,,,,,,,,,,,,,7890,5680,,Madagascar,BETSIBOKA,,,MD201600000250,POINT,RURAL,-16.728119,47.524166999999998,GPS,,,6,2016,6,2016,0.5,4,32,1,,,,,,,,,,,,,,,,,,,,,,,,,,,,,,N,0.03125,,,,,RDT,,,,MD2016MIS,505
,,,,,,,,,,,,,,,,,,,7890,5680,,Madagascar,BETSIBOKA,,,MD201600000249,POINT,RURAL,-16.842078000000001,46.840502999999998,GPS,,,5,2016,5,2016,0.8,4,20,1,,,,,,,,,,,,,,,,,,,,,,,,,,,,,,N,0.050000000000000003,,,,,RDT,,,,MD2016MIS,505
,,,,,,,,,,,,,,,,,,,7890,5680,,Madagascar,BETSIBOKA,,,MD201600000248,POINT,RURAL,-17.747875000000001,47.029200000000003,GPS,,,5,2016,5,2016,0.5,4,21,0,,,,,,,,,,,,,,,,,,,,,,,,,,,,,,N,0,,,,,RDT,,,,MD2016MIS,505
,,,,,,,,,,,,,,,,,,,7890,5680,,Madagascar,BETSIBOKA,,,MD201600000247,POINT,RURAL,-17.264796,46.437331999999998,GPS,,,5,2016,5,2016,0.6,4,42,2,,,,,,,,,,,,,,,,,,,,,,,,,,,,,,N,0.047619047619047616,,,,,RDT,,,,MD2016MIS,505
,,,,,,,,,,,,,,,,,,,7890,5680,,Madagascar,BETSIBOKA,,,MD201600000246,POINT,RURAL,-16.822693000000001,46.908588999999999,GPS,,,5,2016,5,2016,0.5,4,34,0,,,,,,,,,,,,,,,,,,,,,,,,,,,,,,N,0,,,,,RDT,,,,MD2016MIS,505
,,,,,,,,,,,,,,,,,,,7890,5680,,Madagascar,BETSIBOKA,,,MD201600000245,POINT,RURAL,-17.217344000000001,46.831783999999999,GPS,,,5,2016,5,2016,0.7,4,16,0,,,,,,,,,,,,,,,,,,,,,,,,,,,,,,N,0,,,,,RDT,,,,MD2016MIS,505
,,,,,,,,,,,,,,,,,,,7890,5680,,Madagascar,BETSIBOKA,,,MD201600000244,POINT,RURAL,-17.166070999999999,46.511921000000001,GPS,,,5,2016,6,2016,0.7,4,42,0,,,,,,,,,,,,,,,,,,,,,,,,,,,,,,N,0,,,,,RDT,,,,MD2016MIS,505
,,,,,,,,,,,,,,,,,,,7890,5680,,Madagascar,BETSIBOKA,,,MD201600000243,POINT,RURAL,-17.099771,46.781115,GPS,,,5,2016,5,2016,0.6,4,25,2,,,,,,,,,,,,,,,,,,,,,,,,,,,,,,N,0.080000000000000002,,,,,RDT,,,,MD2016MIS,505
,,,,,,,,,,,,,,,,,,,7890,5680,,Madagascar,BETSIBOKA,,,MD201600000242,POINT,URBAN,-16.949774000000001,46.846559999999997,GPS,,,5,2016,5,2016,0.6,4,25,0,,,,,,,,,,,,,,,,,,,,,,,,,,,,,,N,0,,,,,RDT,,,,MD2016MIS,505
,,,,,,,,,,,,,,,,,,,7890,5680,,Madagascar,BETSIBOKA,,,MD201600000241,POINT,URBAN,-16.957025999999999,46.823025999999999,GPS,,,5,2016,5,2016,0.7,4,19,1,,,,,,,,,,,,,,,,,,,,,,,,,,,,,,N,0.052631578947368418,,,,,RDT,,,,MD2016MIS,505
,,,,,,,,,,,,,,,,,,,7890,5680,,Madagascar,SOFIA,,,MD201600000240,POINT,RURAL,-16.242850000000001,47.290523,GPS,,,5,2016,5,2016,1.1,4,17,0,,,,,,,,,,,,,,,,,,,,,,,,,,,,,,N,0,,,,,RDT,,,,MD2016MIS,505
,,,,,,,,,,,,,,,,,,,7890,5680,,Madagascar,SOFIA,,,MD201600000239,POINT,RURAL,-14.644828,48.941025000000003,GPS,,,5,2016,5,2016,1.1,4,24,0,,,,,,,,,,,,,,,,,,,,,,,,,,,,,,N,0,,,,,RDT,,,,MD2016MIS,505
,,,,,,,,,,,,,,,,,,,7890,5680,,Madagascar,SOFIA,,,MD201600000238,POINT,RURAL,-14.618648,48.920290999999999,GPS,,,5,2016,5,2016,1.1,4,17,0,,,,,,,,,,,,,,,,,,,,,,,,,,,,,,N,0,,,,,RDT,,,,MD2016MIS,505
,,,,,,,,,,,,,,,,,,,7890,5680,,Madagascar,SOFIA,,,MD201600000237,POINT,RURAL,-14.651733,48.286262999999998,GPS,,,5,2016,5,2016,1.3,4,17,5,,,,,,,,,,,,,,,,,,,,,,,,,,,,,,N,0.29411764705882354,,,,,RDT,,,,MD2016MIS,505
,,,,,,,,,,,,,,,,,,,7890,5680,,Madagascar,SOFIA,,,MD201600000236,POINT,URBAN,-14.870253999999999,48.006256,GPS,,,5,2016,5,2016,0.8,4,14,0,,,,,,,,,,,,,,,,,,,,,,,,,,,,,,N,0,,,,,RDT,,,,MD2016MIS,505
,,,,,,,,,,,,,,,,,,,7890,5680,,Madagascar,SOFIA,,,MD201600000235,POINT,RURAL,-15.084606000000001,49.281824,GPS,,,5,2016,5,2016,0.9,4,23,0,,,,,,,,,,,,,,,,,,,,,,,,,,,,,,N,0,,,,,RDT,,,,MD2016MIS,505
,,,,,,,,,,,,,,,,,,,7890,5680,,Madagascar,SOFIA,,,MD201600000234,POINT,RURAL,-15.247265000000001,48.765115000000002,GPS,,,5,2016,5,2016,0.8,4,19,0,,,,,,,,,,,,,,,,,,,,,,,,,,,,,,N,0,,,,,RDT,,,,MD2016MIS,505
,,,,,,,,,,,,,,,,,,,7890,5680,,Madagascar,SOFIA,,,MD201600000233,POINT,RURAL,-15.086254,48.386712000000003,GPS,,,5,2016,5,2016,0.6,4,20,0,,,,,,,,,,,,,,,,,,,,,,,,,,,,,,N,0,,,,,RDT,,,,MD2016MIS,505
,,,,,,,,,,,,,,,,,,,7890,5680,,Madagascar,SOFIA,,,MD201600000232,POINT,RURAL,-14.080849000000001,48.160043999999999,GPS,,,6,2016,6,2016,0.6,4,24,1,,,,,,,,,,,,,,,,,,,,,,,,,,,,,,N,0.041666666666666664,,,,,RDT,,,,MD2016MIS,505
,,,,,,,,,,,,,,,,,,,7890,5680,,Madagascar,SOFIA,,,MD201600000231,POINT,RURAL,-14.516520999999999,48.047668000000002,GPS,,,6,2016,6,2016,1.1,3,9,0,,,,,,,,,,,,,,,,,,,,,,,,,,,,,,N,0,,,,,RDT,,,,MD2016MIS,505
,,,,,,,,,,,,,,,,,,,7890,5680,,Madagascar,SOFIA,,,MD201600000230,POINT,RURAL,-16.407916,48.791531999999997,GPS,,,6,2016,6,2016,0.8,4,26,0,,,,,,,,,,,,,,,,,,,,,,,,,,,,,,N,0,,,,,RDT,,,,MD2016MIS,505
,,,,,,,,,,,,,,,,,,,7890,5680,,Madagascar,SOFIA,,,MD201600000229,POINT,RURAL,-15.753097,48.467739000000002,GPS,,,6,2016,6,2016,0.8,4,13,1,,,,,,,,,,,,,,,,,,,,,,,,,,,,,,N,0.076923076923076927,,,,,RDT,,,,MD2016MIS,505
,,,,,,,,,,,,,,,,,,,7890,5680,,Madagascar,SOFIA,,,MD201600000228,POINT,RURAL,-15.797378,48.796824000000001,GPS,,,6,2016,6,2016,0.5,4,13,0,,,,,,,,,,,,,,,,,,,,,,,,,,,,,,N,0,,,,,RDT,,,,MD2016MIS,505
,,,,,,,,,,,,,,,,,,,7890,5680,,Madagascar,SOFIA,,,MD201600000227,POINT,URBAN,-15.858819,48.824044999999998,GPS,,,6,2016,6,2016,0.7,4,10,0,,,,,,,,,,,,,,,,,,,,,,,,,,,,,,N,0,,,,,RDT,,,,MD2016MIS,505
,,,,,,,,,,,,,,,,,,,7890,5680,,Madagascar,SOFIA,,,MD201600000226,POINT,RURAL,-15.65959,47.197768000000003,GPS,,,5,2016,5,2016,0.8,4,24,5,,,,,,,,,,,,,,,,,,,,,,,,,,,,,,N,0.20833333333333334,,,,,RDT,,,,MD2016MIS,505
,,,,,,,,,,,,,,,,,,,7890,5680,,Madagascar,SOFIA,,,MD201600000225,POINT,RURAL,-15.821009999999999,47.602972999999999,GPS,,,5,2016,5,2016,0.7,4,22,0,,,,,,,,,,,,,,,,,,,,,,,,,,,,,,N,0,,,,,RDT,,,,MD2016MIS,505
,,,,,,,,,,,,,,,,,,,7890,5680,,Madagascar,BOENY,,,MD201600000224,POINT,RURAL,-15.704689,46.869872999999998,GPS,,,6,2016,6,2016,1.0,4,16,0,,,,,,,,,,,,,,,,,,,,,,,,,,,,,,N,0,,,,,RDT,,,,MD2016MIS,505
,,,,,,,,,,,,,,,,,,,7890,5680,,Madagascar,BOENY,,,MD201600000223,POINT,RURAL,-15.5976,46.432555000000001,GPS,,,6,2016,6,2016,0.8,4,19,0,,,,,,,,,,,,,,,,,,,,,,,,,,,,,,N,0,,,,,RDT,,,,MD2016MIS,505
,,,,,,,,,,,,,,,,,,,7890,5680,,Madagascar,BOENY,,,MD201600000222,POINT,RURAL,-16.135605999999999,45.698633999999998,GPS,,,6,2016,6,2016,0.5,4,21,2,,,,,,,,,,,,,,,,,,,,,,,,,,,,,,N,0.095238095238095233,,,,,RDT,,,,MD2016MIS,505
,,,,,,,,,,,,,,,,,,,7890,5680,,Madagascar,BOENY,,,MD201600000221,POINT,RURAL,-16.161608000000001,46.513247999999997,GPS,,,5,2016,5,2016,0.6,4,22,0,,,,,,,,,,,,,,,,,,,,,,,,,,,,,,N,0,,,,,RDT,,,,MD2016MIS,505
,,,,,,,,,,,,,,,,,,,7890,5680,,Madagascar,BOENY,,,MD201600000220,POINT,RURAL,-16.172249999999998,46.772969000000003,GPS,,,6,2016,6,2016,0.8,4,22,0,,,,,,,,,,,,,,,,,,,,,,,,,,,,,,N,0,,,,,RDT,,,,MD2016MIS,505
,,,,,,,,,,,,,,,,,,,7890,5680,,Madagascar,BOENY,,,MD201600000219,POINT,URBAN,-16.094854999999999,46.645187,GPS,,,5,2016,5,2016,1.2,4,12,0,,,,,,,,,,,,,,,,,,,,,,,,,,,,,,N,0,,,,,RDT,,,,MD2016MIS,505
,,,,,,,,,,,,,,,,,,,7890,5680,,Madagascar,BOENY,,,MD201600000218,POINT,RURAL,-16.626884,46.113920999999998,GPS,,,6,2016,6,2016,1.0,4,21,0,,,,,,,,,,,,,,,,,,,,,,,,,,,,,,N,0,,,,,RDT,,,,MD2016MIS,505
,,,,,,,,,,,,,,,,,,,7890,5680,,Madagascar,BOENY,,,MD201600000216,POINT,RURAL,-16.482817000000001,46.486144000000003,GPS,,,6,2016,6,2016,0.6,4,37,1,,,,,,,,,,,,,,,,,,,,,,,,,,,,,,N,0.027027027027027029,,,,,RDT,,,,MD2016MIS,505
,,,,,,,,,,,,,,,,,,,7890,5680,,Madagascar,BOENY,,,MD201600000215,POINT,RURAL,-16.472954999999999,46.868302,GPS,,,6,2016,6,2016,0.5,4,18,0,,,,,,,,,,,,,,,,,,,,,,,,,,,,,,N,0,,,,,RDT,,,,MD2016MIS,505
,,,,,,,,,,,,,,,,,,,7890,5680,,Madagascar,BOENY,,,MD201600000213,POINT,URBAN,-15.725891000000001,46.356591999999999,GPS,,,5,2016,5,2016,0.7,3,11,0,,,,,,,,,,,,,,,,,,,,,,,,,,,,,,N,0,,,,,RDT,,,,MD2016MIS,505
,,,,,,,,,,,,,,,,,,,7890,5680,,Madagascar,BOENY,,,MD201600000212,POINT,URBAN,-15.718926,46.318074000000003,GPS,,,5,2016,5,2016,0.7,3,9,0,,,,,,,,,,,,,,,,,,,,,,,,,,,,,,N,0,,,,,RDT,,,,MD2016MIS,505
,,,,,,,,,,,,,,,,,,,7890,5680,,Madagascar,BOENY,,,MD201600000211,POINT,URBAN,-15.671495,46.335656,GPS,,,5,2016,5,2016,0.8,4,14,0,,,,,,,,,,,,,,,,,,,,,,,,,,,,,,N,0,,,,,RDT,,,,MD2016MIS,505
,,,,,,,,,,,,,,,,,,,7890,5680,,Madagascar,BOENY,,,MD201600000210,POINT,URBAN,-15.703839,46.320070000000001,GPS,,,5,2016,5,2016,0.6,3,4,0,,,,,,,,,,,,,,,,,,,,,,,,,,,,,,N,0,,,,,RDT,,,,MD2016MIS,505
,,,,,,,,,,,,,,,,,,,7890,5680,,Madagascar,BOENY,,,MD201600000209,POINT,URBAN,-15.707322,46.315251000000004,GPS,,,5,2016,5,2016,1.3,4,7,0,,,,,,,,,,,,,,,,,,,,,,,,,,,,,,N,0,,,,,RDT,,,,MD2016MIS,505
,,,,,,,,,,,,,,,,,,,7890,5680,,Madagascar,ALAOTRA MANGORO,,,MD201600000208,POINT,RURAL,-19.391575,48.311760999999997,GPS,,,6,2016,6,2016,0.5,4,34,1,,,,,,,,,,,,,,,,,,,,,,,,,,,,,,N,0.029411764705882353,,,,,RDT,,,,MD2016MIS,505
,,,,,,,,,,,,,,,,,,,7890,5680,,Madagascar,ALAOTRA MANGORO,,,MD201600000207,POINT,RURAL,-16.914759,48.492908,GPS,,,7,2016,7,2016,1.1,4,23,0,,,,,,,,,,,,,,,,,,,,,,,,,,,,,,N,0,,,,,RDT,,,,MD2016MIS,505
,,,,,,,,,,,,,,,,,,,7890,5680,,Madagascar,ALAOTRA MANGORO,,,MD201600000206,POINT,RURAL,-19.04439,48.082096,GPS,,,5,2016,5,2016,0.5,4,18,0,,,,,,,,,,,,,,,,,,,,,,,,,,,,,,N,0,,,,,RDT,,,,MD2016MIS,505
,,,,,,,,,,,,,,,,,,,7890,5680,,Madagascar,ALAOTRA MANGORO,,,MD201600000205,POINT,RURAL,-19.066970000000001,48.366075000000002,GPS,,,7,2016,7,2016,0.7,4,30,1,,,,,,,,,,,,,,,,,,,,,,,,,,,,,,N,0.033333333333333333,,,,,RDT,,,,MD2016MIS,505
,,,,,,,,,,,,,,,,,,,7890,5680,,Madagascar,ALAOTRA MANGORO,,,MD201600000204,POINT,RURAL,-19.024277999999999,48.024248999999998,GPS,,,5,2016,5,2016,0.8,4,16,0,,,,,,,,,,,,,,,,,,,,,,,,,,,,,,N,0,,,,,RDT,,,,MD2016MIS,505
,,,,,,,,,,,,,,,,,,,7890,5680,,Madagascar,ALAOTRA MANGORO,,,MD201600000203,POINT,URBAN,-18.932120000000001,48.222175999999997,GPS,,,7,2016,7,2016,0.6,4,18,0,,,,,,,,,,,,,,,,,,,,,,,,,,,,,,N,0,,,,,RDT,,,,MD2016MIS,505
,,,,,,,,,,,,,,,,,,,7890,5680,,Madagascar,ALAOTRA MANGORO,,,MD201600000202,POINT,RURAL,-17.994578000000001,48.073731000000002,GPS,,,6,2016,6,2016,0.5,4,33,0,,,,,,,,,,,,,,,,,,,,,,,,,,,,,,N,0,,,,,RDT,,,,MD2016MIS,505
,,,,,,,,,,,,,,,,,,,7890,5680,,Madagascar,ALAOTRA MANGORO,,,MD201600000201,POINT,RURAL,-17.992304000000001,48.447403999999999,GPS,,,6,2016,6,2016,0.5,4,14,0,,,,,,,,,,,,,,,,,,,,,,,,,,,,,,N,0,,,,,RDT,,,,MD2016MIS,505
,,,,,,,,,,,,,,,,,,,7890,5680,,Madagascar,ALAOTRA MANGORO,,,MD201600000200,POINT,RURAL,-17.860388,48.280076999999999,GPS,,,7,2016,7,2016,1.0,4,18,0,,,,,,,,,,,,,,,,,,,,,,,,,,,,,,N,0,,,,,RDT,,,,MD2016MIS,505
,,,,,,,,,,,,,,,,,,,7890,5680,,Madagascar,ALAOTRA MANGORO,,,MD201600000199,POINT,RURAL,-17.76369,48.315393999999998,GPS,,,7,2016,7,2016,0.6,4,20,0,,,,,,,,,,,,,,,,,,,,,,,,,,,,,,N,0,,,,,RDT,,,,MD2016MIS,505
,,,,,,,,,,,,,,,,,,,7890,5680,,Madagascar,ALAOTRA MANGORO,,,MD201600000198,POINT,URBAN,-17.841911,48.420180000000002,GPS,,,6,2016,6,2016,0.6,4,17,0,,,,,,,,,,,,,,,,,,,,,,,,,,,,,,N,0,,,,,RDT,,,,MD2016MIS,505
,,,,,,,,,,,,,,,,,,,7890,5680,,Madagascar,ALAOTRA MANGORO,,,MD201600000197,POINT,URBAN,-17.820964,48.406137999999999,GPS,,,6,2016,6,2016,0.6,4,15,0,,,,,,,,,,,,,,,,,,,,,,,,,,,,,,N,0,,,,,RDT,,,,MD2016MIS,505
,,,,,,,,,,,,,,,,,,,7890,5680,,Madagascar,ALAOTRA MANGORO,,,MD201600000196,POINT,RURAL,-17.267025,48.510314000000001,GPS,,,6,2016,6,2016,0.8,4,16,0,,,,,,,,,,,,,,,,,,,,,,,,,,,,,,N,0,,,,,RDT,,,,MD2016MIS,505
,,,,,,,,,,,,,,,,,,,7890,5680,,Madagascar,ALAOTRA MANGORO,,,MD201600000195,POINT,RURAL,-17.870539000000001,48.145021999999997,GPS,,,6,2016,6,2016,0.8,4,14,0,,,,,,,,,,,,,,,,,,,,,,,,,,,,,,N,0,,,,,RDT,,,,MD2016MIS,505
,,,,,,,,,,,,,,,,,,,7890,5680,,Madagascar,ALAOTRA MANGORO,,,MD201600000194,POINT,RURAL,-17.423154,48.322789999999998,GPS,,,6,2016,6,2016,0.6,4,20,0,,,,,,,,,,,,,,,,,,,,,,,,,,,,,,N,0,,,,,RDT,,,,MD2016MIS,505
,,,,,,,,,,,,,,,,,,,7890,5680,,Madagascar,ALAOTRA MANGORO,,,MD201600000193,POINT,RURAL,-17.591832,48.213853999999998,GPS,,,7,2016,7,2016,0.8,4,15,0,,,,,,,,,,,,,,,,,,,,,,,,,,,,,,N,0,,,,,RDT,,,,MD2016MIS,505
,,,,,,,,,,,,,,,,,,,7890,5680,,Madagascar,ANALANJIROFO,,,MD201600000191,POINT,RURAL,-16.700665999999998,49.687778999999999,GPS,,,7,2016,7,2016,0.5,4,17,0,,,,,,,,,,,,,,,,,,,,,,,,,,,,,,N,0,,,,,RDT,,,,MD2016MIS,505
,,,,,,,,,,,,,,,,,,,7890,5680,,Madagascar,ANALANJIROFO,,,MD201600000190,POINT,RURAL,-16.760743000000002,49.528233999999998,GPS,,,7,2016,7,2016,0.7,4,18,1,,,,,,,,,,,,,,,,,,,,,,,,,,,,,,N,0.055555555555555552,,,,,RDT,,,,MD2016MIS,505
,,,,,,,,,,,,,,,,,,,7890,5680,,Madagascar,ANALANJIROFO,,,MD201600000189,POINT,RURAL,-16.949127000000001,49.303241,GPS,,,7,2016,7,2016,0.8,4,18,3,,,,,,,,,,,,,,,,,,,,,,,,,,,,,,N,0.16666666666666666,,,,,RDT,,,,MD2016MIS,505
,,,,,,,,,,,,,,,,,,,7890,5680,,Madagascar,ANALANJIROFO,,,MD201600000188,POINT,RURAL,-16.852958000000001,49.598875,GPS,,,7,2016,7,2016,0.8,4,15,0,,,,,,,,,,,,,,,,,,,,,,,,,,,,,,N,0,,,,,RDT,,,,MD2016MIS,505
,,,,,,,,,,,,,,,,,,,7890,5680,,Madagascar,ANALANJIROFO,,,MD201600000187,POINT,RURAL,-16.908550000000002,49.523815999999997,GPS,,,7,2016,7,2016,1.2,4,23,0,,,,,,,,,,,,,,,,,,,,,,,,,,,,,,N,0,,,,,RDT,,,,MD2016MIS,505
,,,,,,,,,,,,,,,,,,,7890,5680,,Madagascar,ANALANJIROFO,,,MD201600000186,POINT,RURAL,-16.941115,49.574827999999997,GPS,,,7,2016,7,2016,1.2,4,12,0,,,,,,,,,,,,,,,,,,,,,,,,,,,,,,N,0,,,,,RDT,,,,MD2016MIS,505
,,,,,,,,,,,,,,,,,,,7890,5680,,Madagascar,ANALANJIROFO,,,MD201600000185,POINT,RURAL,-17.394877999999999,49.005073000000003,GPS,,,6,2016,6,2016,0.7,4,17,1,,,,,,,,,,,,,,,,,,,,,,,,,,,,,,N,0.058823529411764705,,,,,RDT,,,,MD2016MIS,505
,,,,,,,,,,,,,,,,,,,7890,5680,,Madagascar,ANALANJIROFO,,,MD201600000184,POINT,RURAL,-17.647592,49.159731000000001,GPS,,,7,2016,7,2016,0.8,4,14,0,,,,,,,,,,,,,,,,,,,,,,,,,,,,,,N,0,,,,,RDT,,,,MD2016MIS,505
,,,,,,,,,,,,,,,,,,,7890,5680,,Madagascar,ANALANJIROFO,,,MD201600000183,POINT,RURAL,-17.344919999999998,49.085861000000001,GPS,,,6,2016,6,2016,0.7,4,16,0,,,,,,,,,,,,,,,,,,,,,,,,,,,,,,N,0,,,,,RDT,,,,MD2016MIS,505
,,,,,,,,,,,,,,,,,,,7890,5680,,Madagascar,ANALANJIROFO,,,MD201600000182,POINT,RURAL,-17.311983000000001,49.094442999999998,GPS,,,7,2016,7,2016,0.7,4,13,0,,,,,,,,,,,,,,,,,,,,,,,,,,,,,,N,0,,,,,RDT,,,,MD2016MIS,505
,,,,,,,,,,,,,,,,,,,7890,5680,,Madagascar,ANALANJIROFO,,,MD201600000181,POINT,RURAL,-17.378146000000001,49.341346999999999,GPS,,,6,2016,6,2016,0.5,4,40,0,,,,,,,,,,,,,,,,,,,,,,,,,,,,,,N,0,,,,,RDT,,,,MD2016MIS,505
,,,,,,,,,,,,,,,,,,,7890,5680,,Madagascar,ANALANJIROFO,,,MD201600000180,POINT,RURAL,-17.556415999999999,49.273935999999999,GPS,,,6,2016,6,2016,1.1,4,11,1,,,,,,,,,,,,,,,,,,,,,,,,,,,,,,N,0.090909090909090912,,,,,RDT,,,,MD2016MIS,505
,,,,,,,,,,,,,,,,,,,7890,5680,,Madagascar,ANALANJIROFO,,,MD201600000179,POINT,RURAL,-17.518681999999998,49.224508,GPS,,,7,2016,7,2016,1.2,3,13,0,,,,,,,,,,,,,,,,,,,,,,,,,,,,,,N,0,,,,,RDT,,,,MD2016MIS,505
,,,,,,,,,,,,,,,,,,,7890,5680,,Madagascar,ANALANJIROFO,,,MD201600000178,POINT,RURAL,-17.464970999999998,49.191191000000003,GPS,,,6,2016,6,2016,0.8,4,24,0,,,,,,,,,,,,,,,,,,,,,,,,,,,,,,N,0,,,,,RDT,,,,MD2016MIS,505
,,,,,,,,,,,,,,,,,,,7890,5680,,Madagascar,ANALANJIROFO,,,MD201600000177,POINT,RURAL,-17.168030000000002,49.183160999999998,GPS,,,7,2016,7,2016,0.5,4,22,2,,,,,,,,,,,,,,,,,,,,,,,,,,,,,,N,0.090909090909090912,,,,,RDT,,,,MD2016MIS,505
,,,,,,,,,,,,,,,,,,,7890,5680,,Madagascar,ANALANJIROFO,,,MD201600000176,POINT,RURAL,-17.020847,48.866858000000001,GPS,,,7,2016,7,2016,0.6,4,27,0,,,,,,,,,,,,,,,,,,,,,,,,,,,,,,N,0,,,,,RDT,,,,MD2016MIS,505
,,,,,,,,,,,,,,,,,,,7890,5680,,Madagascar,ANALANJIROFO,,,MD201600000175,POINT,RURAL,-17.189488000000001,49.380361000000001,GPS,,,6,2016,6,2016,0.7,4,22,0,,,,,,,,,,,,,,,,,,,,,,,,,,,,,,N,0,,,,,RDT,,,,MD2016MIS,505
,,,,,,,,,,,,,,,,,,,7890,5680,,Madagascar,ANALANJIROFO,,,MD201600000174,POINT,RURAL,-17.363644000000001,49.337639000000003,GPS,,,6,2016,7,2016,1.4,3,6,0,,,,,,,,,,,,,,,,,,,,,,,,,,,,,,N,0,,,,,RDT,,,,MD2016MIS,505
,,,,,,,,,,,,,,,,,,,7890,5680,,Madagascar,ANALANJIROFO,,,MD201600000173,POINT,URBAN,-17.392081999999998,49.409306999999998,GPS,,,7,2016,7,2016,0.5,4,38,0,,,,,,,,,,,,,,,,,,,,,,,,,,,,,,N,0,,,,,RDT,,,,MD2016MIS,505
,,,,,,,,,,,,,,,,,,,7890,5680,,Madagascar,ANALANJIROFO,,,MD201600000172,POINT,URBAN,-17.380662999999998,49.404687000000003,GPS,,,7,2016,7,2016,0.8,4,32,0,,,,,,,,,,,,,,,,,,,,,,,,,,,,,,N,0,,,,,RDT,,,,MD2016MIS,505
,,,,,,,,,,,,,,,,,,,7890,5680,,Madagascar,ANALANJIROFO,,,MD201600000171,POINT,RURAL,-16.372192999999999,49.799636,GPS,,,6,2016,6,2016,0.6,4,14,0,,,,,,,,,,,,,,,,,,,,,,,,,,,,,,N,0,,,,,RDT,,,,MD2016MIS,505
,,,,,,,,,,,,,,,,,,,7890,5680,,Madagascar,ANALANJIROFO,,,MD201600000170,POINT,RURAL,-16.152528,49.698981000000003,GPS,,,6,2016,6,2016,1.0,4,9,0,,,,,,,,,,,,,,,,,,,,,,,,,,,,,,N,0,,,,,RDT,,,,MD2016MIS,505
,,,,,,,,,,,,,,,,,,,7890,5680,,Madagascar,ANALANJIROFO,,,MD201600000169,POINT,RURAL,-15.485193000000001,49.635596999999997,GPS,,,7,2016,7,2016,0.5,3,12,0,,,,,,,,,,,,,,,,,,,,,,,,,,,,,,N,0,,,,,RDT,,,,MD2016MIS,505
,,,,,,,,,,,,,,,,,,,7890,5680,,Madagascar,ANALANJIROFO,,,MD201600000168,POINT,RURAL,-15.319406000000001,49.812506999999997,GPS,,,7,2016,7,2016,1.0,3,8,0,,,,,,,,,,,,,,,,,,,,,,,,,,,,,,N,0,,,,,RDT,,,,MD2016MIS,505
,,,,,,,,,,,,,,,,,,,7890,5680,,Madagascar,ANALANJIROFO,,,MD201600000167,POINT,URBAN,-15.43932,49.750118999999998,GPS,,,7,2016,7,2016,0.6,4,9,0,,,,,,,,,,,,,,,,,,,,,,,,,,,,,,N,0,,,,,RDT,,,,MD2016MIS,505
,,,,,,,,,,,,,,,,,,,7890,5680,,Madagascar,ANALANJIROFO,,,MD201600000166,POINT,URBAN,-17.032416999999999,49.831299000000001,GPS,,,7,2016,7,2016,0.5,4,17,0,,,,,,,,,,,,,,,,,,,,,,,,,,,,,,N,0,,,,,RDT,,,,MD2016MIS,505
,,,,,,,,,,,,,,,,,,,7890,5680,,Madagascar,ATSINANANA,,,MD201600000165,POINT,RURAL,-19.573097000000001,48.517589999999998,GPS,,,7,2016,7,2016,0.6,4,19,0,,,,,,,,,,,,,,,,,,,,,,,,,,,,,,N,0,,,,,RDT,,,,MD2016MIS,505
,,,,,,,,,,,,,,,,,,,7890,5680,,Madagascar,ATSINANANA,,,MD201600000163,POINT,RURAL,-17.772908999999999,49.070844999999998,GPS,,,6,2016,7,2016,0.8,4,21,1,,,,,,,,,,,,,,,,,,,,,,,,,,,,,,N,0.047619047619047616,,,,,RDT,,,,MD2016MIS,505
,,,,,,,,,,,,,,,,,,,7890,5680,,Madagascar,ATSINANANA,,,MD201600000162,POINT,RURAL,-17.600020000000001,49.286192,GPS,,,7,2016,7,2016,1.0,4,21,0,,,,,,,,,,,,,,,,,,,,,,,,,,,,,,N,0,,,,,RDT,,,,MD2016MIS,505
,,,,,,,,,,,,,,,,,,,7890,5680,,Madagascar,ATSINANANA,,,MD201600000161,POINT,RURAL,-17.694407999999999,49.474803999999999,GPS,,,7,2016,7,2016,0.6,4,17,0,,,,,,,,,,,,,,,,,,,,,,,,,,,,,,N,0,,,,,RDT,,,,MD2016MIS,505
,,,,,,,,,,,,,,,,,,,7890,5680,,Madagascar,ATSINANANA,,,MD201600000160,POINT,RURAL,-18.252825000000001,49.267806,GPS,,,7,2016,7,2016,0.6,3,12,0,,,,,,,,,,,,,,,,,,,,,,,,,,,,,,N,0,,,,,RDT,,,,MD2016MIS,505
,,,,,,,,,,,,,,,,,,,7890,5680,,Madagascar,ATSINANANA,,,MD201600000159,POINT,RURAL,-20.097913999999999,47.875264999999999,GPS,,,7,2016,7,2016,0.5,4,31,15,,,,,,,,,,,,,,,,,,,,,,,,,,,,,,N,0.4838709677419355,,,,,RDT,,,,MD2016MIS,505
,,,,,,,,,,,,,,,,,,,7890,5680,,Madagascar,ATSINANANA,,,MD201600000158,POINT,RURAL,-20.250653,48.307765000000003,GPS,,,7,2016,7,2016,0.8,4,23,0,,,,,,,,,,,,,,,,,,,,,,,,,,,,,,N,0,,,,,RDT,,,,MD2016MIS,505
,,,,,,,,,,,,,,,,,,,7890,5680,,Madagascar,ATSINANANA,,,MD201600000157,POINT,RURAL,-20.202148999999999,48.506900000000002,GPS,,,6,2016,6,2016,0.8,4,18,1,,,,,,,,,,,,,,,,,,,,,,,,,,,,,,N,0.055555555555555552,,,,,RDT,,,,MD2016MIS,505
,,,,,,,,,,,,,,,,,,,7890,5680,,Madagascar,ATSINANANA,,,MD201600000156,POINT,RURAL,-19.946221000000001,48.687908,GPS,,,6,2016,6,2016,1.2,4,13,0,,,,,,,,,,,,,,,,,,,,,,,,,,,,,,N,0,,,,,RDT,,,,MD2016MIS,505
,,,,,,,,,,,,,,,,,,,7890,5680,,Madagascar,ATSINANANA,,,MD201600000155,POINT,RURAL,-19.564373,48.852845000000002,GPS,,,6,2016,6,2016,0.8,4,25,0,,,,,,,,,,,,,,,,,,,,,,,,,,,,,,N,0,,,,,RDT,,,,MD2016MIS,505
,,,,,,,,,,,,,,,,,,,7890,5680,,Madagascar,ATSINANANA,,,MD201600000154,POINT,RURAL,-18.327210000000001,48.990704999999998,GPS,,,7,2016,7,2016,0.8,4,24,0,,,,,,,,,,,,,,,,,,,,,,,,,,,,,,N,0,,,,,RDT,,,,MD2016MIS,505
,,,,,,,,,,,,,,,,,,,7890,5680,,Madagascar,ATSINANANA,,,MD201600000153,POINT,RURAL,-18.460184000000002,49.113452000000002,GPS,,,7,2016,7,2016,0.5,4,23,1,,,,,,,,,,,,,,,,,,,,,,,,,,,,,,N,0.043478260869565216,,,,,RDT,,,,MD2016MIS,505
,,,,,,,,,,,,,,,,,,,7890,5680,,Madagascar,ATSINANANA,,,MD201600000152,POINT,RURAL,-18.644129,48.96143,GPS,,,7,2016,7,2016,0.5,4,13,2,,,,,,,,,,,,,,,,,,,,,,,,,,,,,,N,0.15384615384615385,,,,,RDT,,,,MD2016MIS,505
,,,,,,,,,,,,,,,,,,,7890,5680,,Madagascar,ATSINANANA,,,MD201600000151,POINT,RURAL,-18.863987999999999,49.066674999999996,GPS,,,7,2016,7,2016,0.6,4,11,0,,,,,,,,,,,,,,,,,,,,,,,,,,,,,,N,0,,,,,RDT,,,,MD2016MIS,505
,,,,,,,,,,,,,,,,,,,7890,5680,,Madagascar,ATSINANANA,,,MD201600000150,POINT,URBAN,-18.139056,49.391365999999998,GPS,,,7,2016,7,2016,0.6,3,9,0,,,,,,,,,,,,,,,,,,,,,,,,,,,,,,N,0,,,,,RDT,,,,MD2016MIS,505
,,,,,,,,,,,,,,,,,,,7890,5680,,Madagascar,ATSINANANA,,,MD201600000149,POINT,URBAN,-18.166253999999999,49.390025000000001,GPS,,,7,2016,7,2016,0.6,4,11,0,,,,,,,,,,,,,,,,,,,,,,,,,,,,,,N,0,,,,,RDT,,,,MD2016MIS,505
,,,,,,,,,,,,,,,,,,,7890,5680,,Madagascar,ATSINANANA,,,MD201600000148,POINT,URBAN,-18.154599000000001,49.411575999999997,GPS,,,7,2016,7,2016,1.1,4,10,0,,,,,,,,,,,,,,,,,,,,,,,,,,,,,,N,0,,,,,RDT,,,,MD2016MIS,505
,,,,,,,,,,,,,,,,,,,7890,5680,,Madagascar,ATSIMO ATSINANANA,,,MD201600000146,POINT,RURAL,-22.33258,47.388365999999998,GPS,,,7,2016,7,2016,0.6,4,34,4,,,,,,,,,,,,,,,,,,,,,,,,,,,,,,N,0.11764705882352941,,,,,RDT,,,,MD2016MIS,505
,,,,,,,,,,,,,,,,,,,7890,5680,,Madagascar,ATSIMO ATSINANANA,,,MD201600000145,POINT,RURAL,-22.665894000000002,47.413958999999998,GPS,,,7,2016,7,2016,0.5,4,34,4,,,,,,,,,,,,,,,,,,,,,,,,,,,,,,N,0.11764705882352941,,,,,RDT,,,,MD2016MIS,505
,,,,,,,,,,,,,,,,,,,7890,5680,,Madagascar,ATSIMO ATSINANANA,,,MD201600000144,POINT,URBAN,-22.829910999999999,47.316178999999998,GPS,,,7,2016,7,2016,0.5,4,22,3,,,,,,,,,,,,,,,,,,,,,,,,,,,,,,N,0.13636363636363635,,,,,RDT,,,,MD2016MIS,505
,,,,,,,,,,,,,,,,,,,7890,5680,,Madagascar,ATSIMO ATSINANANA,,,MD201600000142,POINT,RURAL,-23.811976000000001,47.533414,GPS,,,6,2016,6,2016,0.8,4,23,0,,,,,,,,,,,,,,,,,,,,,,,,,,,,,,N,0,,,,,RDT,,,,MD2016MIS,505
,,,,,,,,,,,,,,,,,,,7890,5680,,Madagascar,ATSIMO ATSINANANA,,,MD201600000141,POINT,RURAL,-23.429998000000001,47.299194,GPS,,,7,2016,7,2016,1.1,4,20,9,,,,,,,,,,,,,,,,,,,,,,,,,,,,,,N,0.45000000000000001,,,,,RDT,,,,MD2016MIS,505
,,,,,,,,,,,,,,,,,,,7890,5680,,Madagascar,ATSIMO ATSINANANA,,,MD201600000140,POINT,RURAL,-23.339811999999998,47.447806999999997,GPS,,,7,2016,7,2016,0.6,4,17,2,,,,,,,,,,,,,,,,,,,,,,,,,,,,,,N,0.11764705882352941,,,,,RDT,,,,MD2016MIS,505
,,,,,,,,,,,,,,,,,,,7890,5680,,Madagascar,ATSIMO ATSINANANA,,,MD201600000139,POINT,RURAL,-23.302598,47.624251999999998,GPS,,,7,2016,7,2016,1.3,4,14,2,,,,,,,,,,,,,,,,,,,,,,,,,,,,,,N,0.14285714285714285,,,,,RDT,,,,MD2016MIS,505
,,,,,,,,,,,,,,,,,,,7890,5680,,Madagascar,ATSIMO ATSINANANA,,,MD201600000138,POINT,URBAN,-23.346672999999999,47.605502000000001,GPS,,,7,2016,7,2016,0.9,4,12,0,,,,,,,,,,,,,,,,,,,,,,,,,,,,,,N,0,,,,,RDT,,,,MD2016MIS,505
,,,,,,,,,,,,,,,,,,,7890,5680,,Madagascar,ATSIMO ATSINANANA,,,MD201600000137,POINT,RURAL,-23.005063,47.572119000000001,GPS,,,6,2016,7,2016,0.7,4,29,20,,,,,,,,,,,,,,,,,,,,,,,,,,,,,,N,0.68965517241379315,,,,,RDT,,,,MD2016MIS,505
,,,,,,,,,,,,,,,,,,,7890,5680,,Madagascar,ATSIMO ATSINANANA,,,MD201600000136,POINT,RURAL,-23.164368,47.599176,GPS,,,7,2016,7,2016,0.5,4,16,1,,,,,,,,,,,,,,,,,,,,,,,,,,,,,,N,0.0625,,,,,RDT,,,,MD2016MIS,505
,,,,,,,,,,,,,,,,,,,7890,5680,,Madagascar,ATSIMO ATSINANANA,,,MD201600000135,POINT,RURAL,-22.792034999999998,47.492431000000003,GPS,,,7,2016,7,2016,1.3,3,13,2,,,,,,,,,,,,,,,,,,,,,,,,,,,,,,N,0.15384615384615385,,,,,RDT,,,,MD2016MIS,505
,,,,,,,,,,,,,,,,,,,7890,5680,,Madagascar,ATSIMO ATSINANANA,,,MD201600000134,POINT,RURAL,-22.903283999999999,47.663794000000003,GPS,,,7,2016,7,2016,0.5,4,23,11,,,,,,,,,,,,,,,,,,,,,,,,,,,,,,N,0.47826086956521741,,,,,RDT,,,,MD2016MIS,505
,,,,,,,,,,,,,,,,,,,7890,5680,,Madagascar,ATSIMO ATSINANANA,,,MD201600000133,POINT,RURAL,-22.746879,47.806108000000002,GPS,,,6,2016,6,2016,0.7,4,26,3,,,,,,,,,,,,,,,,,,,,,,,,,,,,,,N,0.11538461538461539,,,,,RDT,,,,MD2016MIS,505
,,,,,,,,,,,,,,,,,,,7890,5680,,Madagascar,ATSIMO ATSINANANA,,,MD201600000132,POINT,URBAN,-22.828009000000002,47.831588000000004,GPS,,,6,2016,6,2016,0.6,4,13,0,,,,,,,,,,,,,,,,,,,,,,,,,,,,,,N,0,,,,,RDT,,,,MD2016MIS,505
,,,,,,,,,,,,,,,,,,,7890,5680,,Madagascar,ATSIMO ATSINANANA,,,MD201600000131,POINT,URBAN,-22.827093000000001,47.823652000000003,GPS,,,7,2016,7,2016,0.5,4,11,0,,,,,,,,,,,,,,,,,,,,,,,,,,,,,,N,0,,,,,RDT,,,,MD2016MIS,505
,,,,,,,,,,,,,,,,,,,7890,5680,,Madagascar,IHOROMBE,,,MD201600000129,POINT,RURAL,-22.792922000000001,46.615772999999997,GPS,,,5,2016,5,2016,0.6,4,15,0,,,,,,,,,,,,,,,,,,,,,,,,,,,,,,N,0,,,,,RDT,,,,MD2016MIS,505
,,,,,,,,,,,,,,,,,,,7890,5680,,Madagascar,IHOROMBE,,,MD201600000125,POINT,RURAL,-22.486191000000002,46.913279000000003,GPS,,,6,2016,6,2016,0.7,4,21,0,,,,,,,,,,,,,,,,,,,,,,,,,,,,,,N,0,,,,,RDT,,,,MD2016MIS,505
,,,,,,,,,,,,,,,,,,,7890,5680,,Madagascar,IHOROMBE,,,MD201600000124,POINT,RURAL,-22.855643000000001,45.045994999999998,GPS,,,5,2016,5,2016,0.5,4,16,0,,,,,,,,,,,,,,,,,,,,,,,,,,,,,,N,0,,,,,RDT,,,,MD2016MIS,505
,,,,,,,,,,,,,,,,,,,7890,5680,,Madagascar,IHOROMBE,,,MD201600000123,POINT,RURAL,-22.671683000000002,45.230623000000001,GPS,,,5,2016,5,2016,1.2,4,14,0,,,,,,,,,,,,,,,,,,,,,,,,,,,,,,N,0,,,,,RDT,,,,MD2016MIS,505
,,,,,,,,,,,,,,,,,,,7890,5680,,Madagascar,IHOROMBE,,,MD201600000122,POINT,RURAL,-22.596938000000002,45.400213000000001,GPS,,,5,2016,5,2016,1.4,4,14,0,,,,,,,,,,,,,,,,,,,,,,,,,,,,,,N,0,,,,,RDT,,,,MD2016MIS,505
,,,,,,,,,,,,,,,,,,,7890,5680,,Madagascar,IHOROMBE,,,MD201600000121,POINT,RURAL,-22.396359,45.502133000000001,GPS,,,5,2016,5,2016,0.6,4,23,0,,,,,,,,,,,,,,,,,,,,,,,,,,,,,,N,0,,,,,RDT,,,,MD2016MIS,505
,,,,,,,,,,,,,,,,,,,7890,5680,,Madagascar,IHOROMBE,,,MD201600000120,POINT,RURAL,-22.361623999999999,46.548935999999998,GPS,,,6,2016,6,2016,1.0,4,15,0,,,,,,,,,,,,,,,,,,,,,,,,,,,,,,N,0,,,,,RDT,,,,MD2016MIS,505
,,,,,,,,,,,,,,,,,,,7890,5680,,Madagascar,IHOROMBE,,,MD201600000119,POINT,RURAL,-22.638985999999999,45.893217,GPS,,,6,2016,6,2016,1.1,4,25,0,,,,,,,,,,,,,,,,,,,,,,,,,,,,,,N,0,,,,,RDT,,,,MD2016MIS,505
,,,,,,,,,,,,,,,,,,,7890,5680,,Madagascar,IHOROMBE,,,MD201600000118,POINT,RURAL,-22.21115,46.086799999999997,GPS,,,6,2016,6,2016,1.2,4,22,2,,,,,,,,,,,,,,,,,,,,,,,,,,,,,,N,0.090909090909090912,,,,,RDT,,,,MD2016MIS,505
,,,,,,,,,,,,,,,,,,,7890,5680,,Madagascar,IHOROMBE,,,MD201600000117,POINT,RURAL,-22.381665000000002,46.271966999999997,GPS,,,6,2016,6,2016,0.8,4,17,0,,,,,,,,,,,,,,,,,,,,,,,,,,,,,,N,0,,,,,RDT,,,,MD2016MIS,505
,,,,,,,,,,,,,,,,,,,7890,5680,,Madagascar,IHOROMBE,,,MD201600000116,POINT,URBAN,-22.400333,46.125321999999997,GPS,,,6,2016,6,2016,0.6,4,7,0,,,,,,,,,,,,,,,,,,,,,,,,,,,,,,N,0,,,,,RDT,,,,MD2016MIS,505
,,,,,,,,,,,,,,,,,,,7890,5680,,Madagascar,IHOROMBE,,,MD201600000115,POINT,URBAN,-22.404820000000001,46.129784999999998,GPS,,,6,2016,6,2016,0.6,3,8,1,,,,,,,,,,,,,,,,,,,,,,,,,,,,,,N,0.125,,,,,RDT,,,,MD2016MIS,505
,,,,,,,,,,,,,,,,,,,7890,5680,,Madagascar,VATOVAVY FITOVINANY,,,MD201600000114,POINT,RURAL,-22.272853000000001,47.508949000000001,GPS,,,6,2016,6,2016,0.7,4,28,0,,,,,,,,,,,,,,,,,,,,,,,,,,,,,,N,0,,,,,RDT,,,,MD2016MIS,505
,,,,,,,,,,,,,,,,,,,7890,5680,,Madagascar,VATOVAVY FITOVINANY,,,MD201600000113,POINT,RURAL,-22.355518,47.598108000000003,GPS,,,6,2016,6,2016,0.9,4,23,3,,,,,,,,,,,,,,,,,,,,,,,,,,,,,,N,0.13043478260869565,,,,,RDT,,,,MD2016MIS,505
,,,,,,,,,,,,,,,,,,,7890,5680,,Madagascar,VATOVAVY FITOVINANY,,,MD201600000112,POINT,RURAL,-22.29861,47.717081,GPS,,,7,2016,7,2016,1.3,4,16,0,,,,,,,,,,,,,,,,,,,,,,,,,,,,,,N,0,,,,,RDT,,,,MD2016MIS,505
,,,,,,,,,,,,,,,,,,,7890,5680,,Madagascar,VATOVAVY FITOVINANY,,,MD201600000111,POINT,RURAL,-22.314322000000001,47.811878999999998,GPS,,,6,2016,6,2016,1.3,4,16,0,,,,,,,,,,,,,,,,,,,,,,,,,,,,,,N,0,,,,,RDT,,,,MD2016MIS,505
,,,,,,,,,,,,,,,,,,,7890,5680,,Madagascar,VATOVAVY FITOVINANY,,,MD201600000110,POINT,RURAL,-22.320509000000001,47.762047000000003,GPS,,,7,2016,7,2016,1.3,4,15,0,,,,,,,,,,,,,,,,,,,,,,,,,,,,,,N,0,,,,,RDT,,,,MD2016MIS,505
,,,,,,,,,,,,,,,,,,,7890,5680,,Madagascar,VATOVAVY FITOVINANY,,,MD201600000109,POINT,RURAL,-22.458043,47.840245000000003,GPS,,,6,2016,6,2016,1.0,4,25,0,,,,,,,,,,,,,,,,,,,,,,,,,,,,,,N,0,,,,,RDT,,,,MD2016MIS,505
,,,,,,,,,,,,,,,,,,,7890,5680,,Madagascar,VATOVAVY FITOVINANY,,,MD201600000108,POINT,RURAL,-22.352716000000001,47.840519,GPS,,,7,2016,7,2016,0.8,4,10,0,,,,,,,,,,,,,,,,,,,,,,,,,,,,,,N,0,,,,,RDT,,,,MD2016MIS,505
,,,,,,,,,,,,,,,,,,,7890,5680,,Madagascar,VATOVAVY FITOVINANY,,,MD201600000107,POINT,RURAL,-21.513559999999998,47.428415000000001,GPS,,,6,2016,6,2016,0.6,4,24,0,,,,,,,,,,,,,,,,,,,,,,,,,,,,,,N,0,,,,,RDT,,,,MD2016MIS,505
,,,,,,,,,,,,,,,,,,,7890,5680,,Madagascar,VATOVAVY FITOVINANY,,,MD201600000106,POINT,RURAL,-21.680769000000002,47.832811999999997,GPS,,,6,2016,6,2016,0.6,4,23,7,,,,,,,,,,,,,,,,,,,,,,,,,,,,,,N,0.30434782608695654,,,,,RDT,,,,MD2016MIS,505
,,,,,,,,,,,,,,,,,,,7890,5680,,Madagascar,VATOVAVY FITOVINANY,,,MD201600000105,POINT,RURAL,-22.069969,47.734383999999999,GPS,,,7,2016,7,2016,0.9,4,15,0,,,,,,,,,,,,,,,,,,,,,,,,,,,,,,N,0,,,,,RDT,,,,MD2016MIS,505
,,,,,,,,,,,,,,,,,,,7890,5680,,Madagascar,VATOVAVY FITOVINANY,,,MD201600000104,POINT,RURAL,-21.906400000000001,47.905099999999997,GPS,,,6,2016,6,2016,0.6,4,25,1,,,,,,,,,,,,,,,,,,,,,,,,,,,,,,N,0.040000000000000001,,,,,RDT,,,,MD2016MIS,505
,,,,,,,,,,,,,,,,,,,7890,5680,,Madagascar,VATOVAVY FITOVINANY,,,MD201600000103,POINT,URBAN,-22.137359,48.015298999999999,GPS,,,6,2016,6,2016,1.3,4,13,0,,,,,,,,,,,,,,,,,,,,,,,,,,,,,,N,0,,,,,RDT,,,,MD2016MIS,505
,,,,,,,,,,,,,,,,,,,7890,5680,,Madagascar,VATOVAVY FITOVINANY,,,MD201600000102,POINT,RURAL,-20.929966,48.151428000000003,GPS,,,7,2016,7,2016,0.5,4,21,1,,,,,,,,,,,,,,,,,,,,,,,,,,,,,,N,0.047619047619047616,,,,,RDT,,,,MD2016MIS,505
,,,,,,,,,,,,,,,,,,,7890,5680,,Madagascar,VATOVAVY FITOVINANY,,,MD201600000101,POINT,RURAL,-21.125209999999999,48.160521000000003,GPS,,,7,2016,7,2016,0.8,4,15,0,,,,,,,,,,,,,,,,,,,,,,,,,,,,,,N,0,,,,,RDT,,,,MD2016MIS,505
,,,,,,,,,,,,,,,,,,,7890,5680,,Madagascar,VATOVAVY FITOVINANY,,,MD201600000100,POINT,URBAN,-21.221087000000001,48.351694999999999,GPS,,,6,2016,6,2016,1.3,4,10,0,,,,,,,,,,,,,,,,,,,,,,,,,,,,,,N,0,,,,,RDT,,,,MD2016MIS,505
,,,,,,,,,,,,,,,,,,,7890,5680,,Madagascar,VATOVAVY FITOVINANY,,,MD201600000099,POINT,RURAL,-20.512063000000001,48.201585999999999,GPS,,,7,2016,7,2016,0.5,4,19,2,,,,,,,,,,,,,,,,,,,,,,,,,,,,,,N,0.10526315789473684,,,,,RDT,,,,MD2016MIS,505
,,,,,,,,,,,,,,,,,,,7890,5680,,Madagascar,VATOVAVY FITOVINANY,,,MD201600000098,POINT,RURAL,-20.439872000000001,48.353611000000001,GPS,,,7,2016,7,2016,1.3,4,21,3,,,,,,,,,,,,,,,,,,,,,,,,,,,,,,N,0.14285714285714285,,,,,RDT,,,,MD2016MIS,505
,,,,,,,,,,,,,,,,,,,7890,5680,,Madagascar,VATOVAVY FITOVINANY,,,MD201600000097,POINT,RURAL,-21.539421999999998,47.749263999999997,GPS,,,7,2016,7,2016,1.1,4,26,2,,,,,,,,,,,,,,,,,,,,,,,,,,,,,,N,0.076923076923076927,,,,,RDT,,,,MD2016MIS,505
,,,,,,,,,,,,,,,,,,,7890,5680,,Madagascar,AMORON I MANIA,,,MD201600000096,POINT,RURAL,-20.864698000000001,46.987087000000002,GPS,,,6,2016,6,2016,0.8,4,26,0,,,,,,,,,,,,,,,,,,,,,,,,,,,,,,N,0,,,,,RDT,,,,MD2016MIS,505
,,,,,,,,,,,,,,,,,,,7890,5680,,Madagascar,AMORON I MANIA,,,MD201600000095,POINT,RURAL,-20.766936999999999,47.042453000000002,GPS,,,6,2016,6,2016,0.7,4,16,0,,,,,,,,,,,,,,,,,,,,,,,,,,,,,,N,0,,,,,RDT,,,,MD2016MIS,505
,,,,,,,,,,,,,,,,,,,7890,5680,,Madagascar,AMORON I MANIA,,,MD201600000094,POINT,RURAL,-20.237665,47.455717999999997,GPS,,,5,2016,5,2016,0.8,4,13,0,,,,,,,,,,,,,,,,,,,,,,,,,,,,,,N,0,,,,,RDT,,,,MD2016MIS,505
,,,,,,,,,,,,,,,,,,,7890,5680,,Madagascar,AMORON I MANIA,,,MD201600000093,POINT,RURAL,-20.347781000000001,47.301012,GPS,,,5,2016,5,2016,0.8,4,19,0,,,,,,,,,,,,,,,,,,,,,,,,,,,,,,N,0,,,,,RDT,,,,MD2016MIS,505
,,,,,,,,,,,,,,,,,,,7890,5680,,Madagascar,AMORON I MANIA,,,MD201600000092,POINT,RURAL,-20.115227000000001,47.357641999999998,GPS,,,5,2016,5,2016,0.7,4,12,0,,,,,,,,,,,,,,,,,,,,,,,,,,,,,,N,0,,,,,RDT,,,,MD2016MIS,505
,,,,,,,,,,,,,,,,,,,7890,5680,,Madagascar,AMORON I MANIA,,,MD201600000091,POINT,RURAL,-20.268053999999999,47.333632999999999,GPS,,,5,2016,5,2016,0.9,4,17,0,,,,,,,,,,,,,,,,,,,,,,,,,,,,,,N,0,,,,,RDT,,,,MD2016MIS,505
,,,,,,,,,,,,,,,,,,,7890,5680,,Madagascar,AMORON I MANIA,,,MD201600000090,POINT,RURAL,-20.804103000000001,47.408445999999998,GPS,,,6,2016,6,2016,0.8,4,17,0,,,,,,,,,,,,,,,,,,,,,,,,,,,,,,N,0,,,,,RDT,,,,MD2016MIS,505
,,,,,,,,,,,,,,,,,,,7890,5680,,Madagascar,AMORON I MANIA,,,MD201600000089,POINT,RURAL,-20.616157999999999,47.391576999999998,GPS,,,6,2016,6,2016,0.5,4,39,0,,,,,,,,,,,,,,,,,,,,,,,,,,,,,,N,0,,,,,RDT,,,,MD2016MIS,505
,,,,,,,,,,,,,,,,,,,7890,5680,,Madagascar,AMORON I MANIA,,,MD201600000088,POINT,RURAL,-20.460350999999999,47.173521999999998,GPS,,,5,2016,5,2016,0.7,4,19,0,,,,,,,,,,,,,,,,,,,,,,,,,,,,,,N,0,,,,,RDT,,,,MD2016MIS,505
,,,,,,,,,,,,,,,,,,,7890,5680,,Madagascar,SAVA,,,MD201600000375,POINT,RURAL,-13.914706000000001,49.910026000000002,GPS,,,7,2016,7,2016,0.6,4,16,0,,,,,,,,,,,,,,,,,,,,,,,,,,,,,,N,0,,,,,RDT,,,,MD2016MIS,505
,,,,,,,,,,,,,,,,,,,7890,5680,,Madagascar,SAVA,,,MD201600000374,POINT,RURAL,-13.882569,49.810845999999998,GPS,,,7,2016,7,2016,0.5,4,20,0,,,,,,,,,,,,,,,,,,,,,,,,,,,,,,N,0,,,,,RDT,,,,MD2016MIS,505
,,,,,,,,,,,,,,,,,,,7890,5680,,Madagascar,SAVA,,,MD201600000373,POINT,RURAL,-13.728605999999999,49.943289,GPS,,,7,2016,7,2016,1.4,4,23,0,,,,,,,,,,,,,,,,,,,,,,,,,,,,,,N,0,,,,,RDT,,,,MD2016MIS,505
,,,,,,,,,,,,,,,,,,,7890,5680,,Madagascar,SAVA,,,MD201600000372,POINT,RURAL,-13.697882999999999,49.958902999999999,GPS,,,6,2016,6,2016,0.5,4,19,0,,,,,,,,,,,,,,,,,,,,,,,,,,,,,,N,0,,,,,RDT,,,,MD2016MIS,505
,,,,,,,,,,,,,,,,,,,7890,5680,,Madagascar,SAVA,,,MD201600000371,POINT,RURAL,-14.547086,49.738813,GPS,,,7,2016,7,2016,0.8,4,15,0,,,,,,,,,,,,,,,,,,,,,,,,,,,,,,N,0,,,,,RDT,,,,MD2016MIS,505
,,,,,,,,,,,,,,,,,,,7890,5680,,Madagascar,SAVA,,,MD201600000370,POINT,RURAL,-14.658295000000001,49.539295000000003,GPS,,,7,2016,7,2016,0.6,2,5,0,,,,,,,,,,,,,,,,,,,,,,,,,,,,,,N,0,,,,,RDT,,,,MD2016MIS,505
,,,,,,,,,,,,,,,,,,,7890,5680,,Madagascar,SAVA,,,MD201600000369,POINT,URBAN,-14.659461,49.633249999999997,GPS,,,7,2016,7,2016,1.1,4,7,0,,,,,,,,,,,,,,,,,,,,,,,,,,,,,,N,0,,,,,RDT,,,,MD2016MIS,505
,,,,,,,,,,,,,,,,,,,7890,5680,,Madagascar,SAVA,,,MD201600000367,POINT,RURAL,-14.487397,49.910966000000002,GPS,,,7,2016,7,2016,0.5,4,19,0,,,,,,,,,,,,,,,,,,,,,,,,,,,,,,N,0,,,,,RDT,,,,MD2016MIS,505
,,,,,,,,,,,,,,,,,,,7890,5680,,Madagascar,SAVA,,,MD201600000366,POINT,RURAL,-14.488389,50.068241999999998,GPS,,,7,2016,7,2016,0.6,4,14,0,,,,,,,,,,,,,,,,,,,,,,,,,,,,,,N,0,,,,,RDT,,,,MD2016MIS,505
,,,,,,,,,,,,,,,,,,,7890,5680,,Madagascar,SAVA,,,MD201600000365,POINT,RURAL,-14.319998999999999,50.094016000000003,GPS,,,7,2016,7,2016,0.7,4,25,0,,,,,,,,,,,,,,,,,,,,,,,,,,,,,,N,0,,,,,RDT,,,,MD2016MIS,505
,,,,,,,,,,,,,,,,,,,7890,5680,,Madagascar,SAVA,,,MD201600000364,POINT,URBAN,-14.249786,50.142654999999998,GPS,,,7,2016,7,2016,0.8,4,14,0,,,,,,,,,,,,,,,,,,,,,,,,,,,,,,N,0,,,,,RDT,,,,MD2016MIS,505
,,,,,,,,,,,,,,,,,,,7890,5680,,Madagascar,SAVA,,,MD201600000363,POINT,RURAL,-14.591424999999999,50.133543000000003,GPS,,,7,2016,7,2016,0.9,4,14,0,,,,,,,,,,,,,,,,,,,,,,,,,,,,,,N,0,,,,,RDT,,,,MD2016MIS,505
,,,,,,,,,,,,,,,,,,,7890,5680,,Madagascar,SAVA,,,MD201600000362,POINT,RURAL,-15.224463999999999,50.313254000000001,GPS,,,7,2016,7,2016,0.5,4,18,1,,,,,,,,,,,,,,,,,,,,,,,,,,,,,,N,0.055555555555555552,,,,,RDT,,,,MD2016MIS,505
,,,,,,,,,,,,,,,,,,,7890,5680,,Madagascar,SAVA,,,MD201600000361,POINT,RURAL,-14.982863,50.229914999999998,GPS,,,7,2016,7,2016,0.7,3,10,0,,,,,,,,,,,,,,,,,,,,,,,,,,,,,,N,0,,,,,RDT,,,,MD2016MIS,505
,,,,,,,,,,,,,,,,,,,7890,5680,,Madagascar,SAVA,,,MD201600000360,POINT,URBAN,-14.880217,50.251071000000003,GPS,,,7,2016,7,2016,0.8,4,12,0,,,,,,,,,,,,,,,,,,,,,,,,,,,,,,N,0,,,,,RDT,,,,MD2016MIS,505
,,,,,,,,,,,,,,,,,,,7890,5680,,Madagascar,DIANA,,,MD201600000359,POINT,RURAL,-13.782603,47.896472000000003,GPS,,,7,2016,7,2016,0.8,4,31,2,,,,,,,,,,,,,,,,,,,,,,,,,,,,,,N,0.064516129032258063,,,,,RDT,,,,MD2016MIS,505
,,,,,,,,,,,,,,,,,,,7890,5680,,Madagascar,DIANA,,,MD201600000358,POINT,RURAL,-13.513691,48.619259,GPS,,,7,2016,7,2016,0.7,4,18,0,,,,,,,,,,,,,,,,,,,,,,,,,,,,,,N,0,,,,,RDT,,,,MD2016MIS,505
,,,,,,,,,,,,,,,,,,,7890,5680,,Madagascar,DIANA,,,MD201600000357,POINT,RURAL,-13.592473,48.468195999999999,GPS,,,7,2016,7,2016,0.8,4,15,0,,,,,,,,,,,,,,,,,,,,,,,,,,,,,,N,0,,,,,RDT,,,,MD2016MIS,505
,,,,,,,,,,,,,,,,,,,7890,5680,,Madagascar,DIANA,,,MD201600000356,POINT,URBAN,-13.669717,48.443753999999998,GPS,,,7,2016,7,2016,0.6,4,13,0,,,,,,,,,,,,,,,,,,,,,,,,,,,,,,N,0,,,,,RDT,,,,MD2016MIS,505
,,,,,,,,,,,,,,,,,,,7890,5680,,Madagascar,DIANA,,,MD201600000355,POINT,URBAN,-13.279059999999999,48.32508,GPS,,,7,2016,7,2016,1.1,4,14,1,,,,,,,,,,,,,,,,,,,,,,,,,,,,,,N,0.071428571428571425,,,,,RDT,,,,MD2016MIS,505
,,,,,,,,,,,,,,,,,,,7890,5680,,Madagascar,DIANA,,,MD201600000354,POINT,URBAN,-13.405965999999999,48.277695000000001,GPS,,,7,2016,7,2016,0.8,4,20,0,,,,,,,,,,,,,,,,,,,,,,,,,,,,,,N,0,,,,,RDT,,,,MD2016MIS,505
,,,,,,,,,,,,,,,,,,,7890,5680,,Madagascar,DIANA,,,MD201600000353,POINT,RURAL,-13.604908999999999,48.795273000000002,GPS,,,6,2016,6,2016,0.6,4,24,1,,,,,,,,,,,,,,,,,,,,,,,,,,,,,,N,0.041666666666666664,,,,,RDT,,,,MD2016MIS,505
,,,,,,,,,,,,,,,,,,,7890,5680,,Madagascar,DIANA,,,MD201600000352,POINT,RURAL,-13.376094999999999,48.900401000000002,GPS,,,6,2016,6,2016,0.8,4,10,1,,,,,,,,,,,,,,,,,,,,,,,,,,,,,,N,0.10000000000000001,,,,,RDT,,,,MD2016MIS,505
,,,,,,,,,,,,,,,,,,,7890,5680,,Madagascar,DIANA,,,MD201600000351,POINT,RURAL,-13.076297,48.985706999999998,GPS,,,6,2016,6,2016,0.8,4,17,0,,,,,,,,,,,,,,,,,,,,,,,,,,,,,,N,0,,,,,RDT,,,,MD2016MIS,505
,,,,,,,,,,,,,,,,,,,7890,5680,,Madagascar,DIANA,,,MD201600000350,POINT,RURAL,-13.138491999999999,48.954571999999999,GPS,,,6,2016,6,2016,0.8,4,21,0,,,,,,,,,,,,,,,,,,,,,,,,,,,,,,N,0,,,,,RDT,,,,MD2016MIS,505
,,,,,,,,,,,,,,,,,,,7890,5680,,Madagascar,DIANA,,,MD201600000349,POINT,URBAN,-13.18768,49.051380000000002,GPS,,,6,2016,6,2016,1.5,4,13,0,,,,,,,,,,,,,,,,,,,,,,,,,,,,,,N,0,,,,,RDT,,,,MD2016MIS,505
,,,,,,,,,,,,,,,,,,,7890,5680,,Madagascar,DIANA,,,MD201600000348,POINT,URBAN,-12.308304,49.270310000000002,GPS,,,6,2016,6,2016,1.0,4,12,0,,,,,,,,,,,,,,,,,,,,,,,,,,,,,,N,0,,,,,RDT,,,,MD2016MIS,505
,,,,,,,,,,,,,,,,,,,7890,5680,,Madagascar,DIANA,,,MD201600000347,POINT,URBAN,-12.275539999999999,49.301183000000002,GPS,,,6,2016,6,2016,0.8,3,15,0,,,,,,,,,,,,,,,,,,,,,,,,,,,,,,N,0,,,,,RDT,,,,MD2016MIS,505
,,,,,,,,,,,,,,,,,,,7890,5680,,Madagascar,DIANA,,,MD201600000346,POINT,URBAN,-12.283027000000001,49.302959999999999,GPS,,,6,2016,6,2016,1.7,4,10,0,,,,,,,,,,,,,,,,,,,,,,,,,,,,,,N,0,,,,,RDT,,,,MD2016MIS,505
,,,,,,,,,,,,,,,,,,,7890,5680,,Madagascar,DIANA,,,MD201600000345,POINT,RURAL,-12.749387,49.232450999999998,GPS,,,6,2016,6,2016,0.6,4,20,0,,,,,,,,,,,,,,,,,,,,,,,,,,,,,,N,0,,,,,RDT,,,,MD2016MIS,505
,,,,,,,,,,,,,,,,,,,7890,5680,,Madagascar,DIANA,,,MD201600000344,POINT,RURAL,-12.519368999999999,49.374186999999999,GPS,,,6,2016,6,2016,0.8,4,15,0,,,,,,,,,,,,,,,,,,,,,,,,,,,,,,N,0,,,,,RDT,,,,MD2016MIS,505
,,,,,,,,,,,,,,,,,,,7890,5680,,Madagascar,MENABE,,,MD201600000343,POINT,RURAL,-18.722342999999999,45.328505,GPS,,,5,2016,6,2016,0.7,4,20,0,,,,,,,,,,,,,,,,,,,,,,,,,,,,,,N,0,,,,,RDT,,,,MD2016MIS,505
,,,,,,,,,,,,,,,,,,,7890,5680,,Madagascar,MENABE,,,MD201600000342,POINT,RURAL,-19.912813,45.467204000000002,GPS,,,5,2016,5,2016,0.6,4,17,1,,,,,,,,,,,,,,,,,,,,,,,,,,,,,,N,0.058823529411764705,,,,,RDT,,,,MD2016MIS,505
,,,,,,,,,,,,,,,,,,,7890,5680,,Madagascar,MENABE,,,MD201600000341,POINT,RURAL,-19.654626,45.454242999999998,GPS,,,6,2016,6,2016,0.7,4,28,0,,,,,,,,,,,,,,,,,,,,,,,,,,,,,,N,0,,,,,RDT,,,,MD2016MIS,505
,,,,,,,,,,,,,,,,,,,7890,5680,,Madagascar,MENABE,,,MD201600000339,POINT,RURAL,-19.942816000000001,44.625343999999998,GPS,,,6,2016,6,2016,0.7,4,21,2,,,,,,,,,,,,,,,,,,,,,,,,,,,,,,N,0.095238095238095233,,,,,RDT,,,,MD2016MIS,505
,,,,,,,,,,,,,,,,,,,7890,5680,,Madagascar,MENABE,,,MD201600000338,POINT,RURAL,-19.696791000000001,44.547080999999999,GPS,,,6,2016,6,2016,0.8,4,21,1,,,,,,,,,,,,,,,,,,,,,,,,,,,,,,N,0.047619047619047616,,,,,RDT,,,,MD2016MIS,505
,,,,,,,,,,,,,,,,,,,7890,5680,,Madagascar,MENABE,,,MD201600000337,POINT,RURAL,-20.351786000000001,45.596156000000001,GPS,,,5,2016,5,2016,0.5,4,21,0,,,,,,,,,,,,,,,,,,,,,,,,,,,,,,N,0,,,,,RDT,,,,MD2016MIS,505
,,,,,,,,,,,,,,,,,,,7890,5680,,Madagascar,MENABE,,,MD201600000336,POINT,RURAL,-20.386424999999999,45.069011000000003,GPS,,,5,2016,5,2016,0.6,4,19,1,,,,,,,,,,,,,,,,,,,,,,,,,,,,,,N,0.052631578947368418,,,,,RDT,,,,MD2016MIS,505
,,,,,,,,,,,,,,,,,,,7890,5680,,Madagascar,MENABE,,,MD201600000335,POINT,RURAL,-20.364363000000001,44.676713999999997,GPS,,,5,2016,5,2016,0.5,4,20,0,,,,,,,,,,,,,,,,,,,,,,,,,,,,,,N,0,,,,,RDT,,,,MD2016MIS,505
,,,,,,,,,,,,,,,,,,,7890,5680,,Madagascar,MENABE,,,MD201600000334,POINT,URBAN,-20.391956,44.654384,GPS,,,5,2016,5,2016,0.5,4,12,0,,,,,,,,,,,,,,,,,,,,,,,,,,,,,,N,0,,,,,RDT,,,,MD2016MIS,505
,,,,,,,,,,,,,,,,,,,7890,5680,,Madagascar,MENABE,,,MD201600000333,POINT,RURAL,-20.588433999999999,44.350482999999997,GPS,,,5,2016,5,2016,0.9,4,16,0,,,,,,,,,,,,,,,,,,,,,,,,,,,,,,N,0,,,,,RDT,,,,MD2016MIS,505
,,,,,,,,,,,,,,,,,,,7890,5680,,Madagascar,MENABE,,,MD201600000332,POINT,RURAL,-20.301932999999998,44.343660999999997,GPS,,,5,2016,5,2016,0.9,4,16,0,,,,,,,,,,,,,,,,,,,,,,,,,,,,,,N,0,,,,,RDT,,,,MD2016MIS,505
,,,,,,,,,,,,,,,,,,,7890,5680,,Madagascar,MENABE,,,MD201600000331,POINT,URBAN,-20.295302,44.309528999999998,GPS,,,6,2016,6,2016,0.5,4,24,0,,,,,,,,,,,,,,,,,,,,,,,,,,,,,,N,0,,,,,RDT,,,,MD2016MIS,505
,,,,,,,,,,,,,,,,,,,7890,5680,,Madagascar,MENABE,,,MD201600000330,POINT,URBAN,-20.283435000000001,44.283617999999997,GPS,,,5,2016,6,2016,0.8,4,12,0,,,,,,,,,,,,,,,,,,,,,,,,,,,,,,N,0,,,,,RDT,,,,MD2016MIS,505
,,,,,,,,,,,,,,,,,,,7890,5680,,Madagascar,MENABE,,,MD201600000329,POINT,RURAL,-21.695663,43.867384000000001,GPS,,,6,2016,6,2016,0.9,4,15,4,,,,,,,,,,,,,,,,,,,,,,,,,,,,,,N,0.26666666666666666,,,,,RDT,,,,MD2016MIS,505
,,,,,,,,,,,,,,,,,,,7890,5680,,Madagascar,MENABE,,,MD201600000328,POINT,RURAL,-21.436805,44.319690000000001,GPS,,,6,2016,6,2016,0.5,4,20,2,,,,,,,,,,,,,,,,,,,,,,,,,,,,,,N,0.10000000000000001,,,,,RDT,,,,MD2016MIS,505
,,,,,,,,,,,,,,,,,,,7890,5680,,Madagascar,ANOSY,,,MD201600000327,POINT,RURAL,-24.600016,45.998646000000001,GPS,,,6,2016,6,2016,0.6,4,22,0,,,,,,,,,,,,,,,,,,,,,,,,,,,,,,N,0,,,,,RDT,,,,MD2016MIS,505
,,,,,,,,,,,,,,,,,,,7890,5680,,Madagascar,ANOSY,,,MD201600000326,POINT,RURAL,-24.168901999999999,45.988633,GPS,,,6,2016,6,2016,1.1,4,29,2,,,,,,,,,,,,,,,,,,,,,,,,,,,,,,N,0.068965517241379309,,,,,RDT,,,,MD2016MIS,505
,,,,,,,,,,,,,,,,,,,7890,5680,,Madagascar,ANOSY,,,MD201600000325,POINT,RURAL,-24.333390999999999,46.526426999999998,GPS,,,6,2016,6,2016,0.7,4,31,2,,,,,,,,,,,,,,,,,,,,,,,,,,,,,,N,0.064516129032258063,,,,,RDT,,,,MD2016MIS,505
,,,,,,,,,,,,,,,,,,,7890,5680,,Madagascar,ANOSY,,,MD201600000324,POINT,RURAL,-24.885095,46.114871000000001,GPS,,,6,2016,6,2016,0.7,4,21,0,,,,,,,,,,,,,,,,,,,,,,,,,,,,,,N,0,,,,,RDT,,,,MD2016MIS,505
,,,,,,,,,,,,,,,,,,,7890,5680,,Madagascar,ANOSY,,,MD201600000323,POINT,RURAL,-25.111276,46.383203999999999,GPS,,,6,2016,6,2016,0.5,4,36,0,,,,,,,,,,,,,,,,,,,,,,,,,,,,,,N,0,,,,,RDT,,,,MD2016MIS,505
,,,,,,,,,,,,,,,,,,,7890,5680,,Madagascar,ANOSY,,,MD201600000322,POINT,RURAL,-25.047620999999999,46.38091,GPS,,,6,2016,6,2016,0.7,4,34,0,,,,,,,,,,,,,,,,,,,,,,,,,,,,,,N,0,,,,,RDT,,,,MD2016MIS,505
,,,,,,,,,,,,,,,,,,,7890,5680,,Madagascar,ANOSY,,,MD201600000321,POINT,RURAL,-23.641518999999999,45.717970999999999,GPS,,,5,2016,5,2016,0.8,4,37,1,,,,,,,,,,,,,,,,,,,,,,,,,,,,,,N,0.027027027027027029,,,,,RDT,,,,MD2016MIS,505
,,,,,,,,,,,,,,,,,,,7890,5680,,Madagascar,ANOSY,,,MD201600000320,POINT,RURAL,-23.081892,45.948827000000001,GPS,,,5,2016,5,2016,0.6,4,34,0,,,,,,,,,,,,,,,,,,,,,,,,,,,,,,N,0,,,,,RDT,,,,MD2016MIS,505
,,,,,,,,,,,,,,,,,,,7890,5680,,Madagascar,ANOSY,,,MD201600000319,POINT,RURAL,-23.288837000000001,45.777535,GPS,,,5,2016,5,2016,0.5,4,33,1,,,,,,,,,,,,,,,,,,,,,,,,,,,,,,N,0.030303030303030304,,,,,RDT,,,,MD2016MIS,505
,,,,,,,,,,,,,,,,,,,7890,5680,,Madagascar,ANOSY,,,MD201600000318,POINT,URBAN,-23.271861999999999,46.093428000000003,GPS,,,5,2016,5,2016,1.3,4,26,0,,,,,,,,,,,,,,,,,,,,,,,,,,,,,,N,0,,,,,RDT,,,,MD2016MIS,505
,,,,,,,,,,,,,,,,,,,7890,5680,,Madagascar,AMORON I MANIA,,,MD201600000087,POINT,RURAL,-20.512650000000001,47.136000000000003,GPS,,,6,2016,6,2016,0.6,4,30,0,,,,,,,,,,,,,,,,,,,,,,,,,,,,,,N,0,,,,,RDT,,,,MD2016MIS,505
,,,,,,,,,,,,,,,,,,,7890,5680,,Madagascar,AMORON I MANIA,,,MD201600000086,POINT,URBAN,-20.543163,47.240847000000002,GPS,,,6,2016,6,2016,0.6,4,14,0,,,,,,,,,,,,,,,,,,,,,,,,,,,,,,N,0,,,,,RDT,,,,MD2016MIS,505
,,,,,,,,,,,,,,,,,,,7890,5680,,Madagascar,AMORON I MANIA,,,MD201600000085,POINT,URBAN,-20.529564000000001,47.244860000000003,GPS,,,5,2016,5,2016,0.5,4,20,0,,,,,,,,,,,,,,,,,,,,,,,,,,,,,,N,0,,,,,RDT,,,,MD2016MIS,505
,,,,,,,,,,,,,,,,,,,7890,5680,,Madagascar,AMORON I MANIA,,,MD201600000084,POINT,RURAL,-20.607043999999998,45.999200000000002,GPS,,,5,2016,5,2016,0.5,4,18,0,,,,,,,,,,,,,,,,,,,,,,,,,,,,,,N,0,,,,,RDT,,,,MD2016MIS,505
,,,,,,,,,,,,,,,,,,,7890,5680,,Madagascar,AMORON I MANIA,,,MD201600000083,POINT,RURAL,-20.364194000000001,46.906480000000002,GPS,,,5,2016,5,2016,0.8,4,19,0,,,,,,,,,,,,,,,,,,,,,,,,,,,,,,N,0,,,,,RDT,,,,MD2016MIS,505
,,,,,,,,,,,,,,,,,,,7890,5680,,Madagascar,AMORON I MANIA,,,MD201600000082,POINT,RURAL,-20.866219000000001,46.858508,GPS,,,5,2016,6,2016,0.6,4,21,1,,,,,,,,,,,,,,,,,,,,,,,,,,,,,,N,0.047619047619047616,,,,,RDT,,,,MD2016MIS,505
,,,,,,,,,,,,,,,,,,,7890,5680,,Madagascar,AMORON I MANIA,,,MD201600000081,POINT,RURAL,-20.334204,46.749048000000002,GPS,,,5,2016,5,2016,0.8,4,30,0,,,,,,,,,,,,,,,,,,,,,,,,,,,,,,N,0,,,,,RDT,,,,MD2016MIS,505
,,,,,,,,,,,,,,,,,,,7890,5680,,Madagascar,HAUTE MATSIATRA,,,MD201600000080,POINT,RURAL,-21.387995,46.918416999999998,GPS,,,6,2016,6,2016,0.6,4,18,0,,,,,,,,,,,,,,,,,,,,,,,,,,,,,,N,0,,,,,RDT,,,,MD2016MIS,505
,,,,,,,,,,,,,,,,,,,7890,5680,,Madagascar,HAUTE MATSIATRA,,,MD201600000079,POINT,RURAL,-21.317957,46.973382000000001,GPS,,,6,2016,6,2016,0.5,4,13,0,,,,,,,,,,,,,,,,,,,,,,,,,,,,,,N,0,,,,,RDT,,,,MD2016MIS,505
,,,,,,,,,,,,,,,,,,,7890,5680,,Madagascar,HAUTE MATSIATRA,,,MD201600000078,POINT,RURAL,-21.649578000000002,46.954442999999998,GPS,,,5,2016,5,2016,0.6,4,12,0,,,,,,,,,,,,,,,,,,,,,,,,,,,,,,N,0,,,,,RDT,,,,MD2016MIS,505
,,,,,,,,,,,,,,,,,,,7890,5680,,Madagascar,HAUTE MATSIATRA,,,MD201600000077,POINT,RURAL,-21.566786,47.025399,GPS,,,5,2016,5,2016,1.0,4,16,0,,,,,,,,,,,,,,,,,,,,,,,,,,,,,,N,0,,,,,RDT,,,,MD2016MIS,505
,,,,,,,,,,,,,,,,,,,7890,5680,,Madagascar,HAUTE MATSIATRA,,,MD201600000076,POINT,RURAL,-21.411193999999998,47.134877000000003,GPS,,,5,2016,5,2016,0.7,4,16,0,,,,,,,,,,,,,,,,,,,,,,,,,,,,,,N,0,,,,,RDT,,,,MD2016MIS,505
,,,,,,,,,,,,,,,,,,,7890,5680,,Madagascar,HAUTE MATSIATRA,,,MD201600000075,POINT,RURAL,-21.249769000000001,47.180252000000003,GPS,,,6,2016,6,2016,0.5,4,22,0,,,,,,,,,,,,,,,,,,,,,,,,,,,,,,N,0,,,,,RDT,,,,MD2016MIS,505
,,,,,,,,,,,,,,,,,,,7890,5680,,Madagascar,HAUTE MATSIATRA,,,MD201600000074,POINT,RURAL,-21.407163000000001,47.21199,GPS,,,5,2016,5,2016,0.5,4,12,0,,,,,,,,,,,,,,,,,,,,,,,,,,,,,,N,0,,,,,RDT,,,,MD2016MIS,505
,,,,,,,,,,,,,,,,,,,7890,5680,,Madagascar,HAUTE MATSIATRA,,,MD201600000073,POINT,RURAL,-21.370426999999999,46.819361000000001,GPS,,,6,2016,6,2016,0.5,4,28,0,,,,,,,,,,,,,,,,,,,,,,,,,,,,,,N,0,,,,,RDT,,,,MD2016MIS,505
,,,,,,,,,,,,,,,,,,,7890,5680,,Madagascar,HAUTE MATSIATRA,,,MD201600000072,POINT,RURAL,-21.257285,47.089201000000003,GPS,,,6,2016,6,2016,0.6,4,14,0,,,,,,,,,,,,,,,,,,,,,,,,,,,,,,N,0,,,,,RDT,,,,MD2016MIS,505
,,,,,,,,,,,,,,,,,,,7890,5680,,Madagascar,HAUTE MATSIATRA,,,MD201600000071,POINT,RURAL,-21.005115,47.253765999999999,GPS,,,6,2016,6,2016,0.6,4,32,0,,,,,,,,,,,,,,,,,,,,,,,,,,,,,,N,0,,,,,RDT,,,,MD2016MIS,505
,,,,,,,,,,,,,,,,,,,7890,5680,,Madagascar,HAUTE MATSIATRA,,,MD201600000070,POINT,RURAL,-21.175975999999999,47.248660000000001,GPS,,,5,2016,5,2016,0.8,4,15,0,,,,,,,,,,,,,,,,,,,,,,,,,,,,,,N,0,,,,,RDT,,,,MD2016MIS,505
,,,,,,,,,,,,,,,,,,,7890,5680,,Madagascar,HAUTE MATSIATRA,,,MD201600000069,POINT,URBAN,-21.107324999999999,47.207807000000003,GPS,,,6,2016,6,2016,1.2,4,19,0,,,,,,,,,,,,,,,,,,,,,,,,,,,,,,N,0,,,,,RDT,,,,MD2016MIS,505
,,,,,,,,,,,,,,,,,,,7890,5680,,Madagascar,HAUTE MATSIATRA,,,MD201600000068,POINT,RURAL,-21.995597,46.446491999999999,GPS,,,5,2016,5,2016,1.0,4,16,1,,,,,,,,,,,,,,,,,,,,,,,,,,,,,,N,0.0625,,,,,RDT,,,,MD2016MIS,505
,,,,,,,,,,,,,,,,,,,7890,5680,,Madagascar,HAUTE MATSIATRA,,,MD201600000067,POINT,RURAL,-21.850189,46.795535999999998,GPS,,,5,2016,5,2016,1.1,4,7,0,,,,,,,,,,,,,,,,,,,,,,,,,,,,,,N,0,,,,,RDT,,,,MD2016MIS,505
,,,,,,,,,,,,,,,,,,,7890,5680,,Madagascar,HAUTE MATSIATRA,,,MD201600000066,POINT,RURAL,-21.82638,46.844211999999999,GPS,,,5,2016,5,2016,1.1,4,13,0,,,,,,,,,,,,,,,,,,,,,,,,,,,,,,N,0,,,,,RDT,,,,MD2016MIS,505
,,,,,,,,,,,,,,,,,,,7890,5680,,Madagascar,HAUTE MATSIATRA,,,MD201600000065,POINT,URBAN,-21.833613,46.934004999999999,GPS,,,5,2016,5,2016,1.6,4,2,0,,,,,,,,,,,,,,,,,,,,,,,,,,,,,,N,0,,,,,RDT,,,,MD2016MIS,505
,,,,,,,,,,,,,,,,,,,7890,5680,,Madagascar,BONGOLAVA,,,MD201600000064,POINT,RURAL,-17.994429,46.451796000000002,GPS,,,6,2016,6,2016,0.8,4,29,0,,,,,,,,,,,,,,,,,,,,,,,,,,,,,,N,0,,,,,RDT,,,,MD2016MIS,505
,,,,,,,,,,,,,,,,,,,7890,5680,,Madagascar,BONGOLAVA,,,MD201600000063,POINT,RURAL,-18.287534999999998,46.060004999999997,GPS,,,6,2016,6,2016,0.5,4,14,0,,,,,,,,,,,,,,,,,,,,,,,,,,,,,,N,0,,,,,RDT,,,,MD2016MIS,505
,,,,,,,,,,,,,,,,,,,7890,5680,,Madagascar,BONGOLAVA,,,MD201600000062,POINT,RURAL,-18.644404000000002,46.892167000000001,GPS,,,6,2016,6,2016,0.5,4,21,0,,,,,,,,,,,,,,,,,,,,,,,,,,,,,,N,0,,,,,RDT,,,,MD2016MIS,505
,,,,,,,,,,,,,,,,,,,7890,5680,,Madagascar,BONGOLAVA,,,MD201600000061,POINT,RURAL,-18.507688999999999,46.913922999999997,GPS,,,6,2016,6,2016,0.6,4,29,0,,,,,,,,,,,,,,,,,,,,,,,,,,,,,,N,0,,,,,RDT,,,,MD2016MIS,505
,,,,,,,,,,,,,,,,,,,7890,5680,,Madagascar,BONGOLAVA,,,MD201600000060,POINT,RURAL,-19.271488999999999,46.148195000000001,GPS,,,6,2016,6,2016,0.5,4,15,0,,,,,,,,,,,,,,,,,,,,,,,,,,,,,,N,0,,,,,RDT,,,,MD2016MIS,505
,,,,,,,,,,,,,,,,,,,7890,5680,,Madagascar,BONGOLAVA,,,MD201600000059,POINT,RURAL,-19.137578000000001,45.976280000000003,GPS,,,5,2016,5,2016,0.8,4,23,0,,,,,,,,,,,,,,,,,,,,,,,,,,,,,,N,0,,,,,RDT,,,,MD2016MIS,505
,,,,,,,,,,,,,,,,,,,7890,5680,,Madagascar,BONGOLAVA,,,MD201600000058,POINT,RURAL,-19.137017,46.343532000000003,GPS,,,5,2016,5,2016,0.6,3,10,0,,,,,,,,,,,,,,,,,,,,,,,,,,,,,,N,0,,,,,RDT,,,,MD2016MIS,505
,,,,,,,,,,,,,,,,,,,7890,5680,,Madagascar,BONGOLAVA,,,MD201600000057,POINT,RURAL,-18.77178,46.530520000000003,GPS,,,6,2016,6,2016,0.8,1,3,0,,,,,,,,,,,,,,,,,,,,,,,,,,,,,,N,0,,,,,RDT,,,,MD2016MIS,505
,,,,,,,,,,,,,,,,,,,7890,5680,,Madagascar,BONGOLAVA,,,MD201600000056,POINT,RURAL,-18.917898999999998,45.711029000000003,GPS,,,5,2016,5,2016,0.8,4,19,0,,,,,,,,,,,,,,,,,,,,,,,,,,,,,,N,0,,,,,RDT,,,,MD2016MIS,505
,,,,,,,,,,,,,,,,,,,7890,5680,,Madagascar,BONGOLAVA,,,MD201600000055,POINT,RURAL,-18.525575,46.297459000000003,GPS,,,6,2016,6,2016,0.8,4,18,0,,,,,,,,,,,,,,,,,,,,,,,,,,,,,,N,0,,,,,RDT,,,,MD2016MIS,505
,,,,,,,,,,,,,,,,,,,7890,5680,,Madagascar,BONGOLAVA,,,MD201600000054,POINT,RURAL,-18.883623,45.871876,GPS,,,5,2016,5,2016,1.0,4,10,0,,,,,,,,,,,,,,,,,,,,,,,,,,,,,,N,0,,,,,RDT,,,,MD2016MIS,505
,,,,,,,,,,,,,,,,,,,7890,5680,,Madagascar,BONGOLAVA,,,MD201600000053,POINT,RURAL,-18.99926,46.459172000000002,GPS,,,6,2016,6,2016,0.8,4,13,0,,,,,,,,,,,,,,,,,,,,,,,,,,,,,,N,0,,,,,RDT,,,,MD2016MIS,505
,,,,,,,,,,,,,,,,,,,7890,5680,,Madagascar,BONGOLAVA,,,MD201600000052,POINT,RURAL,-18.675560000000001,46.325381,GPS,,,6,2016,6,2016,0.6,4,21,0,,,,,,,,,,,,,,,,,,,,,,,,,,,,,,N,0,,,,,RDT,,,,MD2016MIS,505
,,,,,,,,,,,,,,,,,,,7890,5680,,Madagascar,BONGOLAVA,,,MD201600000051,POINT,RURAL,-18.827572,46.095996999999997,GPS,,,5,2016,5,2016,0.6,4,15,0,,,,,,,,,,,,,,,,,,,,,,,,,,,,,,N,0,,,,,RDT,,,,MD2016MIS,505
,,,,,,,,,,,,,,,,,,,7890,5680,,Madagascar,BONGOLAVA,,,MD201600000050,POINT,URBAN,-18.794815,46.056932000000003,GPS,,,5,2016,5,2016,0.5,4,15,0,,,,,,,,,,,,,,,,,,,,,,,,,,,,,,N,0,,,,,RDT,,,,MD2016MIS,505
,,,,,,,,,,,,,,,,,,,7890,5680,,Madagascar,BONGOLAVA,,,MD201600000049,POINT,URBAN,-18.773394,46.043486999999999,GPS,,,5,2016,5,2016,0.7,4,11,0,,,,,,,,,,,,,,,,,,,,,,,,,,,,,,N,0,,,,,RDT,,,,MD2016MIS,505
,,,,,,,,,,,,,,,,,,,7890,5680,,Madagascar,ITASY,,,MD201600000048,POINT,RURAL,-19.131377000000001,46.429858000000003,GPS,,,6,2016,6,2016,0.6,4,19,0,,,,,,,,,,,,,,,,,,,,,,,,,,,,,,N,0,,,,,RDT,,,,MD2016MIS,505
,,,,,,,,,,,,,,,,,,,7890,5680,,Madagascar,ITASY,,,MD201600000047,POINT,RURAL,-19.043690999999999,46.632810999999997,GPS,,,5,2016,6,2016,0.9,4,15,0,,,,,,,,,,,,,,,,,,,,,,,,,,,,,,N,0,,,,,RDT,,,,MD2016MIS,505
,,,,,,,,,,,,,,,,,,,7890,5680,,Madagascar,ITASY,,,MD201600000046,POINT,RURAL,-19.044958000000001,46.754480000000001,GPS,,,5,2016,6,2016,0.8,4,14,0,,,,,,,,,,,,,,,,,,,,,,,,,,,,,,N,0,,,,,RDT,,,,MD2016MIS,505
,,,,,,,,,,,,,,,,,,,7890,5680,,Madagascar,ITASY,,,MD201600000045,POINT,RURAL,-19.096992,46.683062,GPS,,,5,2016,5,2016,1.2,3,13,0,,,,,,,,,,,,,,,,,,,,,,,,,,,,,,N,0,,,,,RDT,,,,MD2016MIS,505
,,,,,,,,,,,,,,,,,,,7890,5680,,Madagascar,ITASY,,,MD201600000044,POINT,RURAL,-18.782485999999999,47.076191999999999,GPS,,,5,2016,5,2016,0.8,4,24,6,,,,,,,,,,,,,,,,,,,,,,,,,,,,,,N,0.25,,,,,RDT,,,,MD2016MIS,505
,,,,,,,,,,,,,,,,,,,7890,5680,,Madagascar,ITASY,,,MD201600000043,POINT,RURAL,-18.881166,46.732202999999998,GPS,,,5,2016,5,2016,0.8,4,20,0,,,,,,,,,,,,,,,,,,,,,,,,,,,,,,N,0,,,,,RDT,,,,MD2016MIS,505
,,,,,,,,,,,,,,,,,,,7890,5680,,Madagascar,ITASY,,,MD201600000042,POINT,RURAL,-18.985147999999999,46.735236,GPS,,,5,2016,5,2016,0.8,4,16,0,,,,,,,,,,,,,,,,,,,,,,,,,,,,,,N,0,,,,,RDT,,,,MD2016MIS,505
,,,,,,,,,,,,,,,,,,,7890,5680,,Madagascar,ITASY,,,MD201600000041,POINT,RURAL,-19.115228999999999,46.937277000000002,GPS,,,5,2016,5,2016,0.6,4,26,0,,,,,,,,,,,,,,,,,,,,,,,,,,,,,,N,0,,,,,RDT,,,,MD2016MIS,505
,,,,,,,,,,,,,,,,,,,7890,5680,,Madagascar,ITASY,,,MD201600000040,POINT,RURAL,-18.740321000000002,46.819876000000001,GPS,,,6,2016,6,2016,0.6,4,12,0,,,,,,,,,,,,,,,,,,,,,,,,,,,,,,N,0,,,,,RDT,,,,MD2016MIS,505
,,,,,,,,,,,,,,,,,,,7890,5680,,Madagascar,ITASY,,,MD201600000039,POINT,URBAN,-18.959302999999998,46.886560000000003,GPS,,,5,2016,5,2016,0.5,4,16,0,,,,,,,,,,,,,,,,,,,,,,,,,,,,,,N,0,,,,,RDT,,,,MD2016MIS,505
,,,,,,,,,,,,,,,,,,,7890,5680,,Madagascar,ITASY,,,MD201600000038,POINT,RURAL,-19.138361,47.360314000000002,GPS,,,5,2016,5,2016,1.1,4,16,0,,,,,,,,,,,,,,,,,,,,,,,,,,,,,,N,0,,,,,RDT,,,,MD2016MIS,505
,,,,,,,,,,,,,,,,,,,7890,5680,,Madagascar,ITASY,,,MD201600000037,POINT,RURAL,-19.053891,47.426814,GPS,,,5,2016,5,2016,0.8,4,11,0,,,,,,,,,,,,,,,,,,,,,,,,,,,,,,N,0,,,,,RDT,,,,MD2016MIS,505
,,,,,,,,,,,,,,,,,,,7890,5680,,Madagascar,ITASY,,,MD201600000036,POINT,RURAL,-18.916862999999999,47.301842999999998,GPS,,,5,2016,5,2016,0.7,4,7,0,,,,,,,,,,,,,,,,,,,,,,,,,,,,,,N,0,,,,,RDT,,,,MD2016MIS,505
,,,,,,,,,,,,,,,,,,,7890,5680,,Madagascar,ITASY,,,MD201600000035,POINT,RURAL,-18.971374000000001,47.334860999999997,GPS,,,5,2016,5,2016,0.6,4,15,0,,,,,,,,,,,,,,,,,,,,,,,,,,,,,,N,0,,,,,RDT,,,,MD2016MIS,505
,,,,,,,,,,,,,,,,,,,7890,5680,,Madagascar,ITASY,,,MD201600000034,POINT,RURAL,-18.920667000000002,47.199792000000002,GPS,,,5,2016,5,2016,0.5,4,20,0,,,,,,,,,,,,,,,,,,,,,,,,,,,,,,N,0,,,,,RDT,,,,MD2016MIS,505
,,,,,,,,,,,,,,,,,,,7890,5680,,Madagascar,ITASY,,,MD201600000033,POINT,URBAN,-18.997475999999999,47.198295999999999,GPS,,,5,2016,5,2016,0.8,4,7,0,,,,,,,,,,,,,,,,,,,,,,,,,,,,,,N,0,,,,,RDT,,,,MD2016MIS,505
,,,,,,,,,,,,,,,,,,,7890,5680,,Madagascar,VAKINANKARATRA,,,MD201600000032,POINT,RURAL,-19.660556,46.247565000000002,GPS,,,6,2016,6,2016,1.1,4,13,0,,,,,,,,,,,,,,,,,,,,,,,,,,,,,,N,0,,,,,RDT,,,,MD2016MIS,505
,,,,,,,,,,,,,,,,,,,7890,5680,,Madagascar,VAKINANKARATRA,,,MD201600000031,POINT,RURAL,-19.458041000000001,46.529929000000003,GPS,,,5,2016,5,2016,1.1,4,26,0,,,,,,,,,,,,,,,,,,,,,,,,,,,,,,N,0,,,,,RDT,,,,MD2016MIS,505
,,,,,,,,,,,,,,,,,,,7890,5680,,Madagascar,VAKINANKARATRA,,,MD201600000030,POINT,RURAL,-19.673949,46.523954000000003,GPS,,,5,2016,5,2016,0.7,4,20,0,,,,,,,,,,,,,,,,,,,,,,,,,,,,,,N,0,,,,,RDT,,,,MD2016MIS,505
,,,,,,,,,,,,,,,,,,,7890,5680,,Madagascar,VAKINANKARATRA,,,MD201600000029,POINT,RURAL,-19.504455,46.25909,GPS,,,6,2016,6,2016,0.5,4,29,0,,,,,,,,,,,,,,,,,,,,,,,,,,,,,,N,0,,,,,RDT,,,,MD2016MIS,505
,,,,,,,,,,,,,,,,,,,7890,5680,,Madagascar,VAKINANKARATRA,,,MD201600000028,POINT,RURAL,-19.581154999999999,46.286960000000001,GPS,,,6,2016,6,2016,0.8,4,14,0,,,,,,,,,,,,,,,,,,,,,,,,,,,,,,N,0,,,,,RDT,,,,MD2016MIS,505
,,,,,,,,,,,,,,,,,,,7890,5680,,Madagascar,VAKINANKARATRA,,,MD201600000027,POINT,RURAL,-20.125302999999999,47.085414999999998,GPS,,,6,2016,6,2016,0.9,4,15,0,,,,,,,,,,,,,,,,,,,,,,,,,,,,,,N,0,,,,,RDT,,,,MD2016MIS,505
,,,,,,,,,,,,,,,,,,,7890,5680,,Madagascar,VAKINANKARATRA,,,MD201600000026,POINT,RURAL,-19.964288,47.031101999999997,GPS,,,6,2016,6,2016,0.7,4,10,0,,,,,,,,,,,,,,,,,,,,,,,,,,,,,,N,0,,,,,RDT,,,,MD2016MIS,505
,,,,,,,,,,,,,,,,,,,7890,5680,,Madagascar,VAKINANKARATRA,,,MD201600000025,POINT,RURAL,-19.457325999999998,46.705199999999998,GPS,,,6,2016,6,2016,1.1,4,21,0,,,,,,,,,,,,,,,,,,,,,,,,,,,,,,N,0,,,,,RDT,,,,MD2016MIS,505
,,,,,,,,,,,,,,,,,,,7890,5680,,Madagascar,VAKINANKARATRA,,,MD201600000024,POINT,RURAL,-19.267458000000001,46.975346000000002,GPS,,,5,2016,5,2016,0.7,4,8,0,,,,,,,,,,,,,,,,,,,,,,,,,,,,,,N,0,,,,,RDT,,,,MD2016MIS,505
,,,,,,,,,,,,,,,,,,,7890,5680,,Madagascar,VAKINANKARATRA,,,MD201600000023,POINT,RURAL,-19.241845000000001,47.450986,GPS,,,5,2016,5,2016,1.0,4,13,0,,,,,,,,,,,,,,,,,,,,,,,,,,,,,,N,0,,,,,RDT,,,,MD2016MIS,505
,,,,,,,,,,,,,,,,,,,7890,5680,,Madagascar,VAKINANKARATRA,,,MD201600000021,POINT,RURAL,-19.659746999999999,46.650238999999999,GPS,,,5,2016,5,2016,0.8,4,21,0,,,,,,,,,,,,,,,,,,,,,,,,,,,,,,N,0,,,,,RDT,,,,MD2016MIS,505
,,,,,,,,,,,,,,,,,,,7890,5680,,Madagascar,VAKINANKARATRA,,,MD201600000020,POINT,RURAL,-19.602799000000001,46.739134999999997,GPS,,,5,2016,5,2016,0.9,4,14,0,,,,,,,,,,,,,,,,,,,,,,,,,,,,,,N,0,,,,,RDT,,,,MD2016MIS,505
,,,,,,,,,,,,,,,,,,,7890,5680,,Madagascar,VAKINANKARATRA,,,MD201600000019,POINT,RURAL,-19.746468,46.617466,GPS,,,5,2016,5,2016,1.1,4,15,0,,,,,,,,,,,,,,,,,,,,,,,,,,,,,,N,0,,,,,RDT,,,,MD2016MIS,505
,,,,,,,,,,,,,,,,,,,7890,5680,,Madagascar,VAKINANKARATRA,,,MD201600000018,POINT,RURAL,-19.786984,46.734335000000002,GPS,,,5,2016,5,2016,1.1,4,19,0,,,,,,,,,,,,,,,,,,,,,,,,,,,,,,N,0,,,,,RDT,,,,MD2016MIS,505
,,,,,,,,,,,,,,,,,,,7890,5680,,Madagascar,VAKINANKARATRA,,,MD201600000017,POINT,RURAL,-19.832187000000001,46.856811999999998,GPS,,,5,2016,5,2016,0.8,4,13,0,,,,,,,,,,,,,,,,,,,,,,,,,,,,,,N,0,,,,,RDT,,,,MD2016MIS,505
,,,,,,,,,,,,,,,,,,,7890,5680,,Madagascar,ANALAMANGA,,,MD201600000016,POINT,RURAL,-18.98732,47.489230999999997,GPS,,,4,2016,4,2016,0.7,4,10,0,,,,,,,,,,,,,,,,,,,,,,,,,,,,,,N,0,,,,,RDT,,,,MD2016MIS,505
,,,,,,,,,,,,,,,,,,,7890,5680,,Madagascar,ANALAMANGA,,,MD201600000015,POINT,RURAL,-18.963668999999999,47.532086999999997,GPS,,,4,2016,4,2016,0.6,4,11,0,,,,,,,,,,,,,,,,,,,,,,,,,,,,,,N,0,,,,,RDT,,,,MD2016MIS,505
,,,,,,,,,,,,,,,,,,,7890,5680,,Madagascar,ANALAMANGA,,,MD201600000014,POINT,RURAL,-18.909095000000001,47.473849000000001,GPS,,,4,2016,4,2016,0.6,4,13,0,,,,,,,,,,,,,,,,,,,,,,,,,,,,,,N,0,,,,,RDT,,,,MD2016MIS,505
,,,,,,,,,,,,,,,,,,,7890,5680,,Madagascar,ANALAMANGA,,,MD201600000013,POINT,RURAL,-18.907819,47.475495000000002,GPS,,,4,2016,4,2016,0.8,4,10,0,,,,,,,,,,,,,,,,,,,,,,,,,,,,,,N,0,,,,,RDT,,,,MD2016MIS,505
,,,,,,,,,,,,,,,,,,,7890,5680,,Madagascar,ANALAMANGA,,,MD201600000012,POINT,RURAL,-18.935935000000001,47.479585,GPS,,,4,2016,4,2016,1.5,4,12,0,,,,,,,,,,,,,,,,,,,,,,,,,,,,,,N,0,,,,,RDT,,,,MD2016MIS,505
,,,,,,,,,,,,,,,,,,,7890,5680,,Madagascar,ANALAMANGA,,,MD201600000011,POINT,RURAL,-18.223746999999999,47.626797000000003,GPS,,,5,2016,5,2016,0.8,4,17,0,,,,,,,,,,,,,,,,,,,,,,,,,,,,,,N,0,,,,,RDT,,,,MD2016MIS,505
,,,,,,,,,,,,,,,,,,,7890,5680,,Madagascar,ANALAMANGA,,,MD201600000010,POINT,RURAL,-18.487542999999999,47.804102,GPS,,,5,2016,5,2016,0.6,4,24,0,,,,,,,,,,,,,,,,,,,,,,,,,,,,,,N,0,,,,,RDT,,,,MD2016MIS,505
,,,,,,,,,,,,,,,,,,,7890,5680,,Madagascar,ANALAMANGA,,,MD201600000009,POINT,RURAL,-18.922671000000001,47.659779999999998,GPS,,,5,2016,5,2016,0.5,4,28,0,,,,,,,,,,,,,,,,,,,,,,,,,,,,,,N,0,,,,,RDT,,,,MD2016MIS,505
,,,,,,,,,,,,,,,,,,,7890,5680,,Madagascar,ANALAMANGA,,,MD201600000008,POINT,RURAL,-18.01371,46.981668999999997,GPS,,,5,2016,5,2016,0.5,4,19,0,,,,,,,,,,,,,,,,,,,,,,,,,,,,,,N,0,,,,,RDT,,,,MD2016MIS,505
,,,,,,,,,,,,,,,,,,,7890,5680,,Madagascar,ANALAMANGA,,,MD201600000007,POINT,RURAL,-18.317022999999999,47.072833000000003,GPS,,,5,2016,5,2016,0.5,4,13,0,,,,,,,,,,,,,,,,,,,,,,,,,,,,,,N,0,,,,,RDT,,,,MD2016MIS,505
,,,,,,,,,,,,,,,,,,,7890,5680,,Madagascar,ANALAMANGA,,,MD201600000006,POINT,RURAL,-18.756854000000001,47.558352999999997,GPS,,,5,2016,5,2016,0.8,4,12,0,,,,,,,,,,,,,,,,,,,,,,,,,,,,,,N,0,,,,,RDT,,,,MD2016MIS,505
,,,,,,,,,,,,,,,,,,,7890,5680,,Madagascar,ANALAMANGA,,,MD201600000005,POINT,RURAL,-18.824121999999999,47.447831999999998,GPS,,,5,2016,5,2016,0.8,4,15,0,,,,,,,,,,,,,,,,,,,,,,,,,,,,,,N,0,,,,,RDT,,,,MD2016MIS,505
,,,,,,,,,,,,,,,,,,,7890,5680,,Madagascar,ANALAMANGA,,,MD201600000004,POINT,RURAL,-18.833024000000002,47.411923000000002,GPS,,,5,2016,5,2016,0.6,4,18,0,,,,,,,,,,,,,,,,,,,,,,,,,,,,,,N,0,,,,,RDT,,,,MD2016MIS,505
,,,,,,,,,,,,,,,,,,,7890,5680,,Madagascar,ANALAMANGA,,,MD201600000003,POINT,RURAL,-18.842987000000001,47.630718000000002,GPS,,,5,2016,5,2016,0.5,4,10,0,,,,,,,,,,,,,,,,,,,,,,,,,,,,,,N,0,,,,,RDT,,,,MD2016MIS,505
,,,,,,,,,,,,,,,,,,,7890,5680,,Madagascar,ANALAMANGA,,,MD201600000002,POINT,RURAL,-18.833508999999999,47.571587000000001,GPS,,,4,2016,4,2016,0.8,3,8,0,,,,,,,,,,,,,,,,,,,,,,,,,,,,,,N,0,,,,,RDT,,,,MD2016MIS,505
,,,,,,,,,,,,,,,,,,,7890,5680,,Madagascar,ANALAMANGA,,,MD201600000001,POINT,RURAL,-18.969950000000001,47.567985,GPS,,,4,2016,4,2016,0.6,4,12,0,,,,,,,,,,,,,,,,,,,,,,,,,,,,,,N,0,,,,,RDT,,,,MD2016MIS,505
